excluded_iso3,gradient_gap
ALB,0.3403268052828618
ARE,0.34705069612133516
ARG,0.3400033327670575
ARM,0.3430974786654968
AUS,0.33219661602155076
AUT,0.34103010747174456
AZE,0.33814252062417954
BEL,0.3381497325149206
BGD,0.3323006590205218
BGR,0.34063956084456154
BIH,0.3393449751765572
BOL,0.3423270276995426
BRA,0.34038223439983684
BWA,0.3398212717983784
CAN,0.33660159978755383
CHE,0.3356400073354253
CHL,0.33943085618377444
CIV,0.337585395413358
COL,0.34076904159799387
CRI,0.3402233208969756
CZE,0.340843583772721
DEU,0.34092871296155297
DNK,0.33687022706367925
DOM,0.33953173192851455
DZA,0.34101004187252937
ECU,0.3389888121763858
EGY,0.3379193720021951
ESP,0.34114767556840103
FIN,0.3409804829770787
FRA,0.3393776787932818
GBR,0.3401863901868237
GEO,0.3420991638284134
GRC,0.3393564761166625
GTM,0.3374665809913558
HND,0.33528017027161794
HRV,0.3396545656497579
HTI,0.33391415444911093
HUN,0.3429057085563722
IDN,0.3396361875396932
IND,0.3341509874291335
IRL,0.3449262648760159
IRQ,0.33636485363288604
ISR,0.33999040070165454
ITA,0.34248306895123853
JAM,0.33879557480413025
JOR,0.3368555603643976
JPN,0.339161666823577
KAZ,0.3403184525245075
KEN,0.3455892545915252
KGZ,0.34290410972069907
KHM,0.3428168309195537
KOR,0.337654374960649
KWT,0.3448294991182556
LBN,0.34160273445491296
LKA,0.3462649934733721
LTU,0.3378687380560126
MAR,0.3470082814082454
MDA,0.3424804522495693
MEX,0.3404920726435092
MNG,0.3442404785750262
MYS,0.34020822360613767
NAM,0.3392984475566047
NLD,0.3391839728062688
NOR,0.3421838105988742
NPL,0.34359564174811297
NZL,0.33624455266645714
OMN,0.34243452566258653
PAK,0.3427012003496697
PAN,0.3402803511763414
PER,0.34151927848151875
PHL,0.3369971522627123
POL,0.34205942812358076
PRT,0.33608263058934984
PRY,0.341319239192153
QAT,0.35075611220609476
ROU,0.3391337403405277
RWA,0.3448894452233755
SAU,0.34639649976924614
SEN,0.3429521507622504
SGP,0.3397936564837513
SLV,0.3391892143032959
SRB,0.3402241777261088
SVK,0.3408945528676721
SVN,0.3397111461032941
SWE,0.34027124567082573
THA,0.3415063468025791
TUN,0.34952346026920433
TUR,0.3409555572516843
UKR,0.34559534372120965
URY,0.3391314142172558
USA,0.3363776541598178
UZB,0.3426840517871507
VNM,0.33623338133082814
ZAF,0.33687818085919125
ZMB,0.3291622336505295
ZWE,0.3379868874339228
