key,computed,reported,pass_6dp
aab_p20_HIC,0.6482982171799028,0.648298,True
aab_p20_UMIC,3.0868282095734685,3.086828,True
aab_p20_LMIC,8.727272727272727,8.727273,True
aab_p20_LIC,28.91566265060241,28.915663,True
share_wapop_aab20_gt2,0.6011197983661398,0.60112,True
ms_log_cs_b,0.3704627257398729,0.370463,True
ms_log_cs_se,0.02138777746762381,0.021388,True
ms_log_cs_n,109.0,109.0,True
tm_ms_b,0.37088084850301684,0.370881,True
tm_ms_se,0.025675658635524325,0.025676,True
tm_ms_n,96.0,96.0,True
tm_aui_b,0.7111369280108852,0.711137,True
tm_aui_se,0.035923226840382405,0.035923,True
tm_aui_n,96.0,96.0,True
