iso3,country_wb,grp,gni_atlas,ms_q2_2026,aui_may26,resid_ms,resid_aui
ALB,Albania,UMIC,12060.0,19.2,1.02,-0.10259751549968343,0.05066898289235585
ARE,United Arab Emirates,HIC,51550.0,73.3,2.84,0.698289775626928,0.04163164657063256
ARG,Argentina,UMIC,14650.0,23.4,1.48,0.02307478880968472,0.28455949605501807
ARM,Armenia,UMIC,9020.0,7.7,0.95,-0.9085651761787696,0.1861226804164704
AUS,Australia,HIC,64120.0,40.7,6.4,0.02902953101980832,0.6989525791224593
AUT,Austria,HIC,60360.0,35.4,2.61,-0.08807452516222192,-0.15502140306933387
AZE,Azerbaijan,UMIC,7360.0,18.7,0.43,0.05416939816107558,-0.4619199371206868
BEL,Belgium,HIC,59500.0,40.3,3.8,0.046887383008547556,0.23083448576783483
BGD,Bangladesh,LMIC,2840.0,8.0,0.11,-0.4417391150426857,-1.1480404584286563
BGR,Bulgaria,HIC,17780.0,30.7,1.36,0.22278631790257242,0.06230189504619171
BIH,Bosnia and Herzegovina,UMIC,9940.0,23.2,0.61,0.1583458292209976,-0.32594787599534725
BOL,Bolivia,LMIC,4420.0,13.3,0.56,-0.09747044043369879,0.16485474854361837
BRA,Brazil,UMIC,10550.0,20.2,0.96,-0.0022130778823361563,0.08517196131648194
BWA,Botswana,UMIC,7390.0,15.0,0.52,-0.16781259453590147,-0.2747690986068295
CAN,Canada,HIC,56420.0,38.5,4.13,0.02090743932569894,0.35190960765035406
CHE,Switzerland,HIC,110330.0,39.1,5.02,-0.2123603805394103,0.0701366110134678
CHL,Chile,HIC,16960.0,24.0,1.84,-0.005910773774309375,0.39816023459655026
CIV,Cote d'Ivoire,LMIC,2780.0,13.7,0.3,0.1041346410333932,-0.12955335422543635
COL,Colombia,UMIC,7900.0,25.9,1.18,0.35362943055117824,0.49721406695459613
CRI,Costa Rica,HIC,17930.0,29.7,1.57,0.18655491777254962,0.19991851241360775
CZE,Czechia,HIC,32960.0,31.2,1.84,0.01002650465990973,-0.07434550554617636
DEU,Germany,HIC,60200.0,32.3,2.4,-0.17873469286697685,-0.23701532939769399
DNK,Denmark,HIC,77190.0,32.4,3.57,-0.26784357526760494,-0.016705377971826474
DOM,Dominican Republic,UMIC,10620.0,25.8,0.67,0.240026116769674,-0.2791864701256808
DZA,Algeria,UMIC,5850.0,13.8,0.56,-0.16452451417169112,-0.03447832987153354
ECU,Ecuador,UMIC,6890.0,20.3,0.58,0.1607407601806341,-0.11574993582064985
EGY,"Egypt, Arab Rep.",LMIC,3260.0,15.5,0.36,0.1685063148224173,-0.060499033131686364
ESP,Spain,HIC,37120.0,45.1,2.69,0.3344073125760927,0.22090352577323769
FIN,Finland,HIC,55250.0,30.6,2.19,-0.2009788493925424,-0.267564121477579
FRA,France,HIC,48630.0,49.6,3.97,0.3293466509759748,0.4180612112657196
GBR,United Kingdom,HIC,54550.0,43.7,3.35,0.16009820752630788,0.16656212304158724
GEO,Georgia,UMIC,8990.0,21.6,1.8,0.12414339385447848,0.8275717821350388
GRC,Greece,HIC,25360.0,21.5,1.51,-0.26512278269981016,-0.08559709439352264
GTM,Guatemala,UMIC,6360.0,17.3,0.37,0.030512682975067484,-0.5083537084782098
HND,Honduras,LMIC,3270.0,14.5,0.26,0.10067901034387017,-0.3880994963042106
HRV,Croatia,HIC,25360.0,27.2,1.8,-0.029958744531475512,0.09007991968176343
HTI,Haiti,LMIC,2010.0,8.9,0.14,-0.2069272455346729,-0.6610601760953478
HUN,Hungary,HIC,23850.0,33.3,1.07,0.19514965101124515,-0.3863921742860432
IDN,Indonesia,UMIC,5120.0,14.8,0.46,-0.04513224750346967,-0.13640315838461214
IND,India,LMIC,2760.0,18.5,0.3,0.4071873919784028,-0.12441876926209283
IRL,Ireland,HIC,87360.0,49.9,3.23,0.11811597328612378,-0.20480454527145264
IRQ,Iraq,UMIC,5690.0,13.0,0.24,-0.21395869885054797,-0.8620553583334714
ISR,Israel,HIC,56180.0,38.7,3.05,0.027669820064765482,0.051805285456247185
ITA,Italy,HIC,42080.0,31.4,1.7,-0.07418167848523805,-0.3271978354558439
JAM,Jamaica,UMIC,7790.0,25.0,0.66,0.3234627407315689,-0.07384432488510667
JOR,Jordan,UMIC,5260.0,31.2,0.64,0.6906535668066716,0.1746544807820482
JPN,Japan,HIC,38340.0,24.7,1.91,-0.2796651720163048,-0.14453105065301364
KAZ,Kazakhstan,UMIC,13740.0,16.9,0.71,-0.27856337564093936,-0.40436836600113646
KEN,Kenya,LMIC,2200.0,8.9,0.34,-0.24042618226391932,0.16201125537982675
KGZ,Kyrgyz Republic,LMIC,2800.0,10.0,0.35,-0.2133347542669526,0.019499548015523338
KHM,Cambodia,LMIC,2750.0,6.1,0.21,-0.7009483574721433,-0.47851245109994434
KOR,"Korea, Rep.",HIC,37880.0,40.6,3.78,0.22177635685312358,0.5466734733773269
KWT,Kuwait,HIC,41110.0,22.6,0.92,-0.3943902907234289,-0.9246231520295002
LBN,Lebanon,LMIC,3560.0,27.7,0.96,0.7164488207368285,0.8577264541645363
LKA,Sri Lanka,UMIC,4670.0,7.6,0.56,-0.6774918610724932,0.1257284388046146
LTU,Lithuania,HIC,30500.0,25.1,2.28,-0.1787552504139056,0.1952258502694032
MAR,Morocco,LMIC,4360.0,12.0,0.9,-0.1952587604246867,0.6490322907573991
MDA,Moldova,UMIC,8050.0,19.1,1.45,0.04209877590209854,0.6898871743633144
MEX,Mexico,UMIC,13730.0,21.4,0.63,-0.04221604943012158,-0.5233957613109673
MNG,Mongolia,UMIC,6210.0,17.9,1.37,0.07345888607376971,0.8176823521125692
MYS,Malaysia,UMIC,12380.0,22.6,0.87,0.05072945591307487,-0.12701901962420115
NAM,Namibia,LMIC,4340.0,15.4,0.44,0.05590730151419776,-0.06331814482364784
NLD,Netherlands,HIC,68530.0,43.5,3.9,0.07089313397610797,0.1563296715318565
NOR,Norway,HIC,97310.0,49.4,4.04,0.06804061133236805,-0.057748239671048474
NPL,Nepal,LMIC,1570.0,14.6,0.41,0.3796724960852924,0.5891474123325706
NZL,New Zealand,HIC,46630.0,44.1,4.84,0.22739130229434878,0.6460751089606074
OMN,Oman,HIC,19520.0,27.6,0.73,0.08171201547025064,-0.6262890983625795
PAK,Pakistan,LMIC,1500.0,11.9,0.31,0.1921054326023035,0.34199786897020035
PAN,Panama,HIC,19140.0,24.2,1.28,-0.04245990518251008,-0.050737896080232214
PER,Peru,UMIC,8430.0,17.3,1.05,-0.07398981831841489,0.33431281844477645
PHL,Philippines,UMIC,4850.0,20.7,0.44,0.31046701422981826,-0.1423285558333961
POL,Poland,HIC,25520.0,32.3,1.33,0.13955892075343113,-0.21700037702526964
PRT,Portugal,HIC,29930.0,27.4,3.32,-0.0840832817849233,0.5844310456312785
PRY,Paraguay,UMIC,6750.0,12.6,0.59,-0.3085696546883705,-0.08405687104336124
QAT,Qatar,HIC,74330.0,43.5,1.66,0.04076164891038092,-0.7556042002443846
ROU,Romania,HIC,20190.0,18.0,1.37,-0.358248431096748,-0.020766957011599474
RWA,Rwanda,LIC,1150.0,7.6,0.2,-0.15774050466589484,0.09269427108119044
SAU,Saudi Arabia,HIC,36070.0,31.4,0.93,-0.01702483277664868,-0.8208027039616342
SEN,Senegal,LMIC,1780.0,14.4,0.41,0.3193196285890505,0.49987288604383484
SGP,Singapore,HIC,81760.0,64.3,5.81,0.39622523009454996,0.42940627287418365
SLV,El Salvador,UMIC,5410.0,20.1,0.59,0.24052683483957948,0.07331304617389656
SRB,Serbia,UMIC,13480.0,25.3,1.31,0.13201277313773208,0.22173476896768735
SVK,Slovak Republic,HIC,26410.0,27.1,1.43,-0.048688476410135406,-0.1688828393448773
SVN,Slovenia,HIC,35520.0,30.1,2.13,-0.053608755777864836,0.01881699767114231
SWE,Sweden,HIC,63010.0,37.3,2.98,-0.051728585622594414,-0.053003609195078516
THA,Thailand,UMIC,7690.0,13.4,0.73,-0.2953665682947526,0.03614831765280585
TUN,Tunisia,LMIC,4300.0,13.9,1.4,-0.04313726130307516,1.1007192920969056
TUR,Turkiye,UMIC,16300.0,18.9,0.64,-0.23008148561370256,-0.6296656211008118
UKR,Ukraine,UMIC,5510.0,9.5,0.78,-0.5156940610397878,0.33945957900076135
URY,Uruguay,HIC,24020.0,25.7,1.89,-0.06655097213542538,0.1774750856521623
USA,United States,HIC,88810.0,33.0,3.87,-0.301502813688983,-0.035738729716910944
UZB,Uzbekistan,LMIC,3670.0,7.6,0.3,-0.588121663733153,-0.32706504684449933
VNM,Viet Nam,UMIC,4970.0,27.9,0.53,0.5998952538396134,0.02639273002629039
ZAF,South Africa,UMIC,6270.0,23.9,0.46,0.35897044268333,-0.28049508498739906
ZMB,Zambia,LMIC,1200.0,13.3,0.15,0.38609073736192334,-0.22525351482570244
ZWE,Zimbabwe,LMIC,2660.0,8.9,0.2,-0.3108448699779336,-0.5036396841215776
