group,E_exposed,a_adoption,g_task,naive_a_g,hulten,hulten_if_HIC_adoption,hulten_universal
HIC,0.34,0.32299999999999995,0.1,0.032299999999999995,0.0060401000000000005,0.0060401000000000005,0.018700000000000005
HIC,0.34,0.32299999999999995,0.2,0.06459999999999999,0.012080200000000001,0.012080200000000001,0.03740000000000001
HIC,0.34,0.32299999999999995,0.3,0.09689999999999999,0.0181203,0.0181203,0.056100000000000004
UMIC,0.23340859250339555,0.18799999999999997,0.1,0.018799999999999997,0.00241344484648511,0.0041465036458228225,0.012837472587686758
UMIC,0.23340859250339555,0.18799999999999997,0.2,0.037599999999999995,0.00482688969297022,0.008293007291645645,0.025674945175373515
UMIC,0.23340859250339555,0.18799999999999997,0.3,0.05639999999999999,0.00724033453945533,0.012439510937468467,0.03851241776306027
LMIC,0.16023403251298868,0.12,0.1,0.012,0.0010575446145857255,0.002846557587593244,0.008812871788214379
LMIC,0.16023403251298868,0.12,0.2,0.024,0.002115089229171451,0.005693115175186488,0.017625743576428758
LMIC,0.16023403251298868,0.12,0.3,0.036,0.003172633843757176,0.008539672762779732,0.026438615364643134
LIC,0.11,0.091,0.1,0.0091,0.00055055,0.00195415,0.006050000000000001
LIC,0.11,0.091,0.2,0.0182,0.0011011,0.0039083,0.012100000000000001
LIC,0.11,0.091,0.3,0.027299999999999998,0.00165165,0.00586245,0.01815
