iso3,country_wb,grp,gni_atlas_2022,gni_atlas,gni_atlas_year,aab20_2022,aab20_2025,ms_q2_2026,ms_region_imputed
USA,United States,HIC,77230.0,88810.0,2025.0,0.3107600673313479,0.2702398378560973,33.0,0.0
KOR,"Korea, Rep.",HIC,38590.0,37880.0,2025.0,0.6219227779217413,0.6335797254487857,40.6,0.0
AUS,Australia,HIC,60790.0,64120.0,2025.0,0.39480177660799476,0.37429819089207733,40.7,0.0
SGP,Singapore,HIC,68100.0,81760.0,2025.0,0.3524229074889868,0.29354207436399216,64.3,0.0
DEU,Germany,HIC,55200.0,60200.0,2025.0,0.43478260869565216,0.3986710963455149,32.3,0.0
CHL,Chile,HIC,15430.0,16960.0,2025.0,1.5554115359688918,1.4150943396226416,24.0,0.0
CHN,China,UMIC,13170.0,14230.0,2025.0,1.8223234624145785,1.6865776528460996,17.5,0.0
BRA,Brazil,UMIC,8440.0,10550.0,2025.0,2.843601895734597,2.2748815165876777,20.2,0.0
MEX,Mexico,UMIC,10730.0,13730.0,2025.0,2.2367194780987885,1.7479970866715222,21.4,0.0
THA,Thailand,UMIC,7220.0,7690.0,2025.0,3.32409972299169,3.1209362808842656,13.4,0.0
ZAF,South Africa,UMIC,6530.0,6270.0,2025.0,3.6753445635528332,3.827751196172249,23.9,0.0
COL,Colombia,UMIC,6560.0,7900.0,2025.0,3.6585365853658534,3.0379746835443036,25.9,0.0
IND,India,LMIC,2360.0,2760.0,2025.0,10.16949152542373,8.695652173913043,18.5,0.0
KEN,Kenya,LMIC,2170.0,2200.0,2025.0,11.059907834101383,10.909090909090908,8.9,0.0
NGA,Nigeria,LMIC,2940.0,1360.0,2025.0,8.16326530612245,17.647058823529413,10.4,1.0
BGD,Bangladesh,LMIC,2850.0,2840.0,2025.0,8.421052631578947,8.450704225352112,8.0,0.0
GHA,Ghana,LMIC,2270.0,2630.0,2025.0,10.572687224669604,9.125475285171103,10.4,1.0
MAR,Morocco,LMIC,3700.0,4360.0,2025.0,6.486486486486487,5.5045871559633035,12.0,0.0
UGA,Uganda,LIC,930.0,1120.0,2025.0,25.806451612903224,21.428571428571427,8.0,1.0
RWA,Rwanda,LIC,970.0,1150.0,2025.0,24.742268041237114,20.869565217391305,7.6,0.0
MWI,Malawi,LIC,610.0,600.0,2025.0,39.34426229508197,40.0,11.4,1.0
MOZ,Mozambique,LIC,500.0,570.0,2025.0,48.0,42.10526315789473,11.4,1.0
MDG,Madagascar,LIC,500.0,560.0,2025.0,48.0,42.857142857142854,11.4,1.0
NER,Niger,LIC,650.0,750.0,2025.0,36.92307692307693,32.0,10.4,1.0
