excluded_currency,n,slope,se_HC3,hc3_ci_low,hc3_ci_high
AED,163,0.1040096575670191,0.005810106683892742,0.09262205772025389,0.11539725741378432
AUD,163,0.10322991952834952,0.005741755794806934,0.09197628496250378,0.11448355409419526
BRL,163,0.10397201179380493,0.005759080714608631,0.09268442100911281,0.11525960257849704
CAD,163,0.10214076515819931,0.005419905846954387,0.09151794489857065,0.11276358541782797
CHF,163,0.10518689521169422,0.005789809701465125,0.09383907671948197,0.11653471370390647
CLP,163,0.10369978406284572,0.005744370846696214,0.09244102408947928,0.11495854403621215
COP,163,0.10396327188208465,0.005736873354243863,0.09271920672389919,0.11520733704027011
CZK,163,0.10356048832238576,0.0057509554148370305,0.09228882283260958,0.11483215381216194
DKK,163,0.10461514163506919,0.0058301033403194555,0.09318834906189638,0.11604193420824199
EGP,163,0.10370572499927998,0.00573902565061388,0.09245744141772522,0.11495400858083474
EUR,139,0.11212313186850259,0.006948526112286432,0.09850427094278506,0.1257419927942201
GBP,163,0.10444361394200138,0.0058124951417370535,0.09305133280388272,0.11583589508012004
HUF,163,0.10415749875511575,0.005771181209642879,0.0928461914359614,0.1154688060742701
IDR,163,0.10348100515379187,0.005691590547971426,0.09232569266501928,0.11463631764256446
ILS,163,0.10433561942562287,0.005818217079231318,0.09293212349609367,0.11573911535515208
INR,163,0.10282939433818236,0.00557900859322284,0.09189473842602612,0.1137640502503386
JPY,163,0.10287132229593032,0.005635791637165865,0.0918253736627132,0.11391727092914744
KRW,163,0.10305931459504064,0.005677531059480973,0.0919315581973504,0.11418707099273089
KZT,163,0.10400824281807823,0.005754625520725249,0.09272938405294169,0.11528710158321477
MXN,163,0.10406916816130865,0.0057546422232293715,0.09279027665986558,0.11534805966275172
MYR,163,0.10433417372128366,0.005742842366389434,0.09307840951426959,0.11558993792829773
NGN,163,0.10313822176585381,0.005696199611227839,0.09197387567909619,0.11430256785261143
NOK,163,0.10404394454739799,0.005863263511693739,0.09255215923261041,0.11553572986218556
NZD,163,0.10432177052644603,0.005805489124925293,0.0929432209289535,0.11570032012393856
PEN,163,0.10400329197011879,0.005738370047275253,0.09275629334749588,0.1152502905927417
PHP,163,0.10414265900820048,0.005760034274631439,0.09285319928020656,0.1154321187361944
PKR,163,0.10470678142008366,0.005797838611887205,0.09334322655260904,0.11607033628755828
PLN,163,0.1040207338387424,0.005771943710522012,0.09270793204532678,0.11533353563215802
QAR,163,0.10334722993438074,0.005772908922601933,0.09203253636005101,0.11466192350871046
RON,163,0.10435753911686654,0.00576120784141568,0.09306577924024206,0.11564929899349102
SAR,163,0.10369736689306562,0.00576912383877953,0.09239009194670628,0.11500464183942496
SEK,163,0.10471878584486127,0.005804748450022692,0.09334168794350209,0.11609588374622046
SGD,163,0.10450177238013501,0.0058423330974098145,0.09305100992352544,0.11595253483674459
THB,163,0.10419013762973975,0.005763039840982555,0.0928947870999445,0.115485488159535
TRY,163,0.1045677201786627,0.005740508258620725,0.09331653073881134,0.11581890961851406
TZS,163,0.10516596269431393,0.005754904770447613,0.09388655660977886,0.11644536877884899
USD,62,0.11206387841849759,0.01967590727570571,0.07349980879496479,0.1506279480420304
VND,163,0.10387818476934599,0.0057419478231059305,0.0926241738349502,0.11513219570374178
ZAR,163,0.10436217311351745,0.005765829270852888,0.09306135540163894,0.11566299082539595
