iso3,economy,itu_region,wb_income_2025,LDC,LLDC,SIDS,mbb_2gb_pct_gni_2024,mbb_2gb_pct_gni_2025_exp,mbb_5gb_pct_gni_2025,fbb_5gb_pct_gni_2024,fbb_5gb_pct_gni_2025,mbb_2gb_pct_gni_latest_official,mbb_2gb_latest_year,fbb_5gb_pct_gni_latest_official,fbb_5gb_latest_year,fbb_5gb_ppp_2024,fbb_5gb_ppp_2025,fbb_5gb_usd_2024,fbb_5gb_usd_2025,mbb_2gb_ppp_2024,mbb_2gb_usd_2024,mbb_2gb_usd_2025_exp,mbb_5gb_ppp_2025,mbb_5gb_usd_2025
ABW,Aruba,Other Economies,High income,0,0,1,1.04,1.08,1.08,3.0,3.11,1.04,2024.0,3.11,2025.0,98.4,95.84,80.37,80.37,34.2,27.93,27.93,33.31,27.93
AFG,Afghanistan,Asia & Pacific,Low income,1,1,0,8.44,8.06,18.32,19.17,18.32,8.44,2024.0,18.32,2025.0,30.59,35.74,7.08,6.97,13.46,3.11,3.06,35.74,6.97
AGO,Angola,Africa,Lower middle income,1,0,0,1.56,1.22,3.05,15.36,17.09,1.56,2024.0,17.09,2025.0,78.66,89.95,23.32,30.69,8.01,2.37,2.19,16.07,5.48
AIA,Anguilla,Other Economies,,0,0,1,1.72,1.68,1.68,3.08,3.02,1.72,2024.0,3.02,2025.0,,,66.54,66.54,,37.04,37.04,,37.04
ALB,Albania,Europe countries,Upper middle income,0,0,0,1.88,1.3,1.69,2.31,2.08,1.88,2024.0,2.08,2025.0,33.17,33.98,17.09,17.02,26.95,13.89,10.63,27.61,13.83
AND,Andorra,Europe countries,High income,0,0,0,0.43,0.2,0.28,0.43,0.4,0.43,2024.0,0.4,2025.0,25.17,24.9,17.23,16.83,25.17,17.23,8.42,17.12,11.57
ARE,United Arab Emirates,Arab States,High income,0,0,0,0.36,0.38,0.71,0.45,0.48,0.36,2024.0,0.48,2025.0,27.37,28.27,19.73,19.73,21.81,15.72,15.72,41.79,29.16
ARG,Argentina,The Americas,Upper middle income,0,0,0,0.84,0.37,0.57,13.75,6.71,0.84,2024.0,6.71,2025.0,,149.12,51.49,65.78,18.24,3.16,3.6,12.56,5.54
ARM,Armenia,CIS countries,Upper middle income,0,1,0,0.72,0.82,0.82,2.52,2.61,0.72,2024.0,2.61,2025.0,43.26,44.42,18.0,17.7,12.36,5.14,5.56,13.96,5.56
ASM,American Samoa,Other Economies,High income,0,0,1,,,,,,,,,,60.88,60.88,55.0,55.0,39.85,36.0,30.0,33.21,30.0
ATG,Antigua and Barbuda,The Americas,High income,0,0,1,2.31,2.26,2.26,3.46,3.14,2.31,2024.0,3.14,2025.0,74.34,72.06,59.26,59.26,49.71,39.63,42.59,51.8,42.59
AUS,Australia,Asia & Pacific,High income,0,0,0,0.33,0.32,0.32,1.11,1.12,0.33,2024.0,1.12,2025.0,58.61,61.99,56.03,55.83,17.24,16.48,15.68,17.41,15.68
AUT,Austria,Europe countries,High income,0,0,0,0.2,0.18,0.18,0.8,0.68,0.2,2024.0,0.68,2025.0,46.65,39.76,37.57,31.46,11.35,9.14,8.41,10.62,8.41
AZE,Azerbaijan,CIS countries,Upper middle income,0,1,0,0.62,0.6,0.88,1.34,1.31,0.62,2024.0,1.31,2025.0,24.45,24.63,7.65,7.65,11.28,3.53,3.53,16.48,5.12
BDI,Burundi,Africa,Low income,1,1,0,10.43,14.31,25.18,,,10.43,2024.0,964.29,2019.0,222.31,182.61,68.11,64.88,6.81,2.09,3.04,15.04,5.34
BEL,Belgium,Europe countries,High income,0,0,0,0.36,0.34,0.34,0.66,0.91,0.36,2024.0,0.91,2025.0,36.16,51.49,30.15,42.07,19.37,16.15,15.78,19.31,15.78
BEN,Benin,Africa,Lower middle income,1,0,0,4.58,4.04,6.89,22.2,21.52,4.58,2024.0,21.52,2025.0,78.9,80.29,26.26,25.66,16.27,5.42,4.81,25.69,8.21
BFA,Burkina Faso,Africa,Low income,1,1,0,4.96,8.8,8.8,29.51,31.43,4.96,2024.0,31.43,2025.0,63.42,75.19,20.52,24.06,10.65,3.45,6.74,21.05,6.74
BGD,Bangladesh,Asia & Pacific,Lower middle income,1,0,0,0.66,0.83,0.83,1.28,1.15,0.66,2024.0,1.15,2025.0,9.35,8.71,2.51,2.37,4.81,1.29,1.72,6.34,1.72
BGR,Bulgaria,Europe countries,High income,0,0,0,0.43,0.4,0.4,1.12,1.03,0.43,2024.0,1.03,2025.0,32.95,33.16,14.2,13.88,12.77,5.51,5.38,12.85,5.38
BHR,Bahrain,Arab States,High income,0,0,0,0.58,0.56,0.56,1.54,1.48,0.58,2024.0,1.48,2025.0,68.58,69.96,35.11,35.11,25.98,13.3,13.3,26.5,13.3
BHS,Bahamas,The Americas,High income,0,0,1,0.87,1.05,1.31,1.98,1.78,0.87,2024.0,1.78,2025.0,47.98,49.2,54.45,54.45,21.15,24.0,32.0,36.14,40.0
BIH,Bosnia and Herzegovina,Europe countries,Upper middle income,0,0,0,0.92,0.87,1.17,2.04,1.93,0.92,2024.0,1.93,2025.0,33.95,31.32,14.26,13.92,15.34,6.44,6.29,18.99,8.44
BLR,Belarus,CIS countries,Upper middle income,0,0,0,0.51,0.68,0.68,0.58,0.5,0.51,2024.0,0.5,2025.0,13.7,13.33,3.38,3.3,12.03,2.97,4.51,18.23,4.51
BLZ,Belize,The Americas,Upper middle income,0,0,1,2.1,2.0,2.59,3.81,3.62,2.1,2024.0,3.62,2025.0,44.48,44.34,24.5,24.5,24.51,13.5,13.5,31.67,17.5
BMU,Bermuda,Other Economies,High income,0,0,1,0.74,0.66,0.66,0.74,0.66,0.74,2024.0,0.66,2025.0,58.86,58.42,80.0,80.0,58.86,80.0,80.0,58.42,80.0
BOL,Bolivia (Plurinational State of),The Americas,Lower middle income,0,1,0,1.44,0.89,2.23,8.11,7.99,1.44,2024.0,7.99,2025.0,74.39,77.18,24.46,25.9,13.2,4.34,2.89,21.56,7.24
BRA,Brazil,The Americas,Upper middle income,0,0,0,0.74,0.65,0.65,2.46,2.23,0.74,2024.0,2.23,2025.0,40.12,39.57,19.15,17.09,12.05,5.75,4.96,11.49,4.96
BRB,Barbados,The Americas,High income,0,0,1,1.66,1.73,1.73,3.18,2.96,1.66,2024.0,2.96,2025.0,44.38,48.48,57.5,60.0,23.16,30.0,35.0,28.28,35.0
BRN,Brunei Darussalam,Asia & Pacific,High income,0,0,0,0.26,0.26,0.34,1.03,1.02,0.26,2024.0,1.02,2025.0,69.51,71.84,28.82,28.92,17.82,7.39,7.42,23.95,9.64
BTN,Bhutan,Asia & Pacific,Lower middle income,0,1,0,0.68,0.8,1.52,2.17,2.0,0.68,2024.0,2.0,2025.0,23.86,23.9,5.98,5.76,7.46,1.87,2.3,18.15,4.37
BWA,Botswana,Africa,Upper middle income,0,1,0,0.85,0.79,1.38,5.74,7.93,0.85,2024.0,7.93,2025.0,87.6,130.07,34.13,49.97,12.97,5.05,4.99,22.59,8.68
CAF,Central African Rep.,Africa,Low income,1,1,0,26.7,23.0,53.67,,76.58,26.7,2024.0,76.58,2025.0,,79.26,,33.96,23.8,10.44,10.2,55.54,23.8
CAN,Canada,The Americas,High income,0,0,0,0.67,0.46,0.54,1.62,1.67,0.67,2024.0,1.67,2025.0,78.48,84.93,70.16,70.87,32.31,28.89,19.69,27.37,22.84
CHE,Switzerland,Europe countries,High income,0,0,0,0.27,0.27,0.47,0.89,0.88,0.27,2024.0,0.88,2025.0,57.23,58.62,71.77,72.2,17.55,22.01,22.14,31.52,38.82
CHL,Chile,The Americas,High income,0,0,0,0.44,0.4,0.4,2.02,1.84,0.44,2024.0,1.84,2025.0,46.82,46.03,24.6,23.87,10.18,5.35,5.19,10.01,5.19
CHN,China,Asia & Pacific,Upper middle income,0,0,0,0.41,0.25,0.25,0.41,0.38,0.41,2024.0,0.38,2025.0,8.22,8.45,4.14,4.12,8.22,4.14,2.75,5.63,2.75
CIV,Côte d'Ivoire,Africa,Lower middle income,0,0,0,1.89,1.9,3.04,11.33,11.41,1.89,2024.0,11.41,2025.0,64.34,64.02,24.62,24.06,10.72,4.1,4.01,17.07,6.42
CMR,Cameroon,Africa,Lower middle income,0,0,0,3.38,3.2,5.72,18.11,17.15,3.38,2024.0,17.15,2025.0,73.37,72.26,24.62,24.06,13.7,4.6,4.49,24.09,8.02
COD,Dem. Rep. of the Congo,Africa,Low income,1,0,0,9.09,9.38,18.75,,,9.09,2024.0,,,,,,,13.43,5.0,5.0,24.24,10.0
COG,Congo (Rep. of the),Africa,Lower middle income,0,0,0,5.67,4.96,5.32,20.85,12.54,5.67,2024.0,12.54,2025.0,107.94,64.67,41.03,24.06,29.36,11.16,9.52,27.42,10.2
COK,Cook Islands,Other Economies,,0,0,1,1.18,0.76,1.19,2.19,1.4,1.18,2024.0,1.4,2025.0,,,29.66,27.82,,16.04,15.05,,23.56
COL,Colombia,The Americas,Upper middle income,0,0,0,1.12,1.14,1.14,3.03,2.88,1.12,2024.0,2.88,2025.0,47.52,46.32,19.32,17.44,17.53,7.13,6.89,18.31,6.89
COM,Comoros,Arab States,Lower middle income,1,0,1,5.8,5.15,7.36,26.74,23.74,5.8,2024.0,23.74,2025.0,72.27,67.71,35.29,34.49,15.69,7.66,7.49,20.99,10.7
CPV,Cabo Verde,Africa,Upper middle income,0,0,1,1.91,1.59,1.59,2.46,2.05,1.91,2024.0,2.05,2025.0,16.54,16.91,8.78,8.57,12.88,6.84,6.67,13.17,6.67
CRI,Costa Rica,The Americas,High income,0,0,0,0.85,0.68,0.8,3.2,2.86,0.85,2024.0,2.86,2025.0,60.92,61.12,43.27,41.93,16.19,11.5,9.91,17.05,11.69
CUB,Cuba,The Americas,Upper middle income,0,0,1,18.63,13.32,26.64,32.61,23.31,18.63,2024.0,23.31,2025.0,,,14.58,14.58,,8.33,8.33,,16.67
CUW,Curacao,Other Economies,High income,0,0,1,2.13,2.07,2.07,3.9,3.78,2.13,2024.0,3.78,2025.0,86.94,88.0,66.48,66.48,47.49,36.31,36.31,48.07,36.31
CYM,Cayman Islands,Other Economies,High income,0,0,1,1.48,1.46,1.46,1.91,1.89,1.48,2024.0,1.89,2025.0,79.66,79.69,108.0,108.0,61.87,83.88,83.88,61.9,83.88
CYP,Cyprus,Europe countries,High income,0,0,0,0.21,0.38,0.38,1.26,1.56,0.21,2024.0,1.56,2025.0,49.72,67.11,32.5,43.66,8.23,5.38,10.52,16.17,10.52
CZE,Czech Republic,Europe countries,High income,0,0,0,0.41,0.37,0.45,1.11,1.02,0.41,2024.0,1.02,2025.0,41.75,40.48,25.84,25.13,15.26,9.45,9.19,17.91,11.12
DEU,Germany,Europe countries,High income,0,0,0,0.24,0.18,0.22,0.78,0.74,0.24,2024.0,0.74,2025.0,44.81,45.5,35.46,34.65,13.59,10.76,8.4,13.8,10.51
DJI,Djibouti,Arab States,Lower middle income,1,0,0,5.75,5.74,5.74,5.27,5.26,5.75,2024.0,5.26,2025.0,29.88,30.14,15.47,15.47,32.6,16.88,16.88,32.88,16.88
DMA,Dominica,The Americas,Upper middle income,0,0,1,5.94,4.68,4.68,5.45,4.68,5.94,2024.0,4.68,2025.0,68.19,70.59,40.74,40.74,74.33,44.41,40.74,70.59,40.74
DNK,Denmark,Europe countries,High income,0,0,0,0.2,0.19,0.28,0.72,0.7,0.2,2024.0,0.7,2025.0,40.35,42.05,41.7,42.16,11.03,11.4,11.14,16.74,16.78
DOM,Dominican Rep.,The Americas,Upper middle income,0,0,1,1.82,1.59,1.76,2.49,1.95,1.82,2024.0,1.95,2025.0,50.94,42.27,20.23,15.96,37.09,14.73,12.99,38.23,14.43
DZA,Algeria,Arab States,Upper middle income,0,0,0,0.51,1.36,0.49,2.73,2.59,0.51,2024.0,2.59,2025.0,38.26,37.86,11.9,11.88,7.17,2.23,6.24,7.1,2.23
ECU,Ecuador,The Americas,Upper middle income,0,0,0,1.89,1.96,1.96,5.38,4.62,1.89,2024.0,4.62,2025.0,64.0,54.93,29.21,24.73,22.46,10.25,10.5,23.32,10.5
EGY,Egypt,Arab States,Lower middle income,0,0,0,0.7,0.9,1.58,2.54,2.52,0.7,2024.0,2.52,2025.0,32.69,34.44,3.84,4.74,8.97,1.05,1.7,21.58,2.97
ERI,Eritrea,Africa,Low income,1,0,0,,,,,,,,,,,,,,,,,,
ESP,Spain,Europe countries,High income,0,0,0,0.32,0.37,0.37,1.08,0.74,0.32,2024.0,0.74,2025.0,43.39,32.93,29.07,20.99,12.86,8.61,10.52,16.51,10.52
EST,Estonia,Europe countries,High income,0,0,0,0.18,0.17,0.3,0.86,0.81,0.18,2024.0,0.81,2025.0,28.94,28.51,20.46,19.99,6.08,4.3,4.21,10.5,7.36
ETH,Ethiopia,Africa,Low income,1,1,0,1.75,2.13,4.79,10.56,12.41,1.75,2024.0,12.41,2025.0,29.04,28.54,10.62,5.52,4.8,1.76,0.95,11.02,2.13
FIN,Finland,Europe countries,High income,0,0,0,0.12,0.13,0.13,0.97,0.98,0.12,2024.0,0.98,2025.0,47.93,49.19,43.05,42.58,5.98,5.37,5.57,6.43,5.57
FJI,Fiji,Asia & Pacific,Upper middle income,0,0,1,3.13,2.9,2.9,1.55,1.44,3.13,2024.0,1.44,2025.0,17.31,17.38,6.97,6.78,35.0,14.08,13.7,35.14,13.7
FLK,Falkland Islands,Other Economies,,0,0,0,,,,,,,,,,,,18.93,18.89,,63.1,50.37,,62.96
FRA,France,Europe countries,High income,0,0,0,0.14,0.14,0.28,0.98,0.94,0.14,2024.0,0.94,2025.0,46.07,45.86,36.59,35.76,6.78,5.38,5.26,13.48,10.51
FRO,Faroe Islands,Other Economies,High income,0,0,0,0.49,0.38,0.38,1.13,1.15,0.49,2024.0,1.15,2025.0,72.08,73.93,65.95,67.55,31.07,28.43,22.14,24.23,22.14
FSM,Micronesia,Asia & Pacific,Lower middle income,0,0,1,8.67,8.47,8.47,5.78,5.65,8.67,2024.0,5.65,2025.0,21.58,20.45,20.0,20.0,32.37,30.0,30.0,30.67,30.0
GAB,Gabon,Africa,Upper middle income,0,0,0,1.47,1.48,2.65,6.54,6.63,1.47,2024.0,6.63,2025.0,86.69,88.21,41.03,40.1,19.42,9.19,8.98,35.28,16.04
GBR,United Kingdom,Europe countries,High income,0,0,0,0.31,0.29,0.29,1.08,1.0,0.31,2024.0,1.0,2025.0,46.8,48.32,44.16,42.8,13.38,12.62,12.59,14.21,12.59
GEO,Georgia,Europe countries,Upper middle income,0,0,0,0.54,0.46,0.62,2.23,1.9,0.54,2024.0,1.9,2025.0,33.8,34.41,13.5,13.15,8.22,3.28,3.2,11.16,4.26
GHA,Ghana,Africa,Lower middle income,0,0,0,1.48,1.22,3.06,4.93,3.65,1.48,2024.0,3.65,2025.0,25.28,21.18,7.28,6.55,7.58,2.18,2.2,17.77,5.5
GIB,Gibraltar,Other Economies,High income,0,0,0,,,,,,,,,,,,44.17,49.11,,16.41,16.37,,18.89
GIN,Guinea,Africa,Lower middle income,1,0,0,4.56,4.46,5.16,7.29,4.46,4.56,2024.0,4.46,2025.0,23.44,13.95,9.4,5.82,14.65,5.87,5.82,16.13,6.72
GMB,Gambia,Africa,Low income,1,0,0,4.25,3.59,8.68,,,4.25,2024.0,,,,,,,10.06,2.69,2.54,22.44,6.13
GNB,Guinea-Bissau,Africa,Low income,1,0,1,8.54,5.1,10.2,53.82,42.33,8.54,2024.0,42.33,2025.0,114.21,90.64,41.39,33.28,18.12,6.57,4.01,21.84,8.02
GNQ,Equatorial Guinea,Africa,Upper middle income,0,0,0,,,,,,10.29,2022.0,12.86,2022.0,,,,,,,,,
GRC,Greece,Europe countries,High income,0,0,0,0.53,0.5,0.53,1.59,1.5,0.53,2024.0,1.5,2025.0,47.7,48.7,30.04,29.35,15.99,10.07,9.84,17.09,10.3
GRD,Grenada,The Americas,Upper middle income,0,0,1,5.43,4.96,4.96,4.71,4.43,5.43,2024.0,4.43,2025.0,59.98,62.85,38.52,39.63,69.15,44.41,44.41,70.42,44.41
GRL,Greenland,Other Economies,High income,0,0,0,1.2,1.18,1.18,1.67,1.64,1.2,2024.0,1.64,2025.0,90.96,93.84,72.01,70.37,65.44,51.81,50.63,67.51,50.63
GTM,Guatemala,The Americas,Upper middle income,0,0,0,2.96,2.93,2.93,6.7,5.59,2.96,2024.0,5.59,2025.0,71.64,63.06,32.05,28.4,31.65,14.16,14.91,33.11,14.91
GUF,French Guiana,Other Economies,,0,0,0,,,,,,,,,,,,53.72,41.98,,25.84,25.25,,25.25
GUM,Guam,Other Economies,High income,0,0,1,,,,,,,,,,44.96,44.96,50.0,50.0,3.6,4.0,4.0,8.99,10.0
GUY,Guyana,The Americas,High income,0,0,1,1.22,1.16,1.16,1.76,1.68,1.22,2024.0,1.68,2025.0,59.05,59.08,27.33,27.33,41.03,18.99,18.99,41.05,18.99
HKG,"Hong Kong, China",Asia & Pacific,High income,0,0,0,0.09,0.09,0.09,0.47,0.44,0.09,2024.0,0.44,2025.0,28.43,28.77,21.49,21.59,5.58,4.22,4.24,5.65,4.24
HND,Honduras,The Americas,Lower middle income,0,0,0,7.13,6.74,6.74,10.76,7.43,7.13,2024.0,7.43,2025.0,52.65,39.15,26.0,18.99,36.09,17.82,17.23,35.52,17.23
HRV,Croatia,Europe countries,High income,0,0,0,0.18,0.16,0.22,0.51,0.4,0.18,2024.0,0.4,2025.0,16.54,14.58,9.05,7.8,5.88,3.22,3.15,7.87,4.21
HTI,Haiti,The Americas,Lower middle income,1,0,1,3.52,1.69,1.69,37.93,37.5,3.52,2024.0,37.5,2025.0,84.21,67.55,55.0,55.0,8.1,5.29,3.06,3.75,3.06
HUN,Hungary,Europe countries,High income,0,0,0,0.45,0.37,0.43,0.52,0.91,0.45,2024.0,0.91,2025.0,17.01,32.35,9.07,16.27,14.64,7.81,6.7,15.44,7.77
IDN,Indonesia,Asia & Pacific,Upper middle income,0,0,0,0.49,0.24,0.24,4.81,2.63,0.49,2024.0,2.63,2025.0,57.19,32.37,18.19,10.18,5.83,1.86,0.92,2.92,0.92
IND,India,Asia & Pacific,Lower middle income,0,0,0,0.92,0.93,0.93,2.79,2.51,0.92,2024.0,2.51,2025.0,24.12,23.66,5.64,5.43,7.94,1.86,2.02,8.8,2.02
IRL,Ireland,Europe countries,High income,0,0,0,0.32,0.32,0.32,0.57,0.56,0.32,2024.0,0.56,2025.0,36.82,38.03,37.67,36.81,21.04,21.53,21.04,21.74,21.04
IRN,Iran (Islamic Republic of),Asia & Pacific,Upper middle income,0,0,0,0.15,,0.19,0.27,0.2,0.15,2024.0,0.2,2025.0,,,8.77,0.55,,4.92,,3.05,0.52
IRQ,Iraq,Arab States,Upper middle income,0,0,0,1.65,1.51,1.51,5.76,5.29,1.65,2024.0,5.29,2025.0,62.55,62.4,26.92,26.92,17.87,7.69,7.69,17.83,7.69
ISL,Iceland,Europe countries,High income,0,0,0,0.31,0.25,0.25,1.1,1.11,0.31,2024.0,1.11,2025.0,65.33,65.27,73.2,75.84,18.59,20.83,17.33,14.92,17.33
ISR,Israel,Europe countries,High income,0,0,0,0.22,0.27,0.27,0.6,0.66,0.22,2024.0,0.66,2025.0,24.51,29.34,25.5,29.49,9.0,9.37,12.15,12.09,12.15
ITA,Italy,Europe countries,High income,0,0,0,0.34,0.32,0.32,0.88,0.97,0.34,2024.0,0.97,2025.0,39.01,46.01,27.88,31.46,15.04,10.76,10.51,15.37,10.51
JAM,Jamaica,The Americas,Upper middle income,0,0,1,4.66,4.47,4.47,7.71,7.4,4.66,2024.0,7.4,2025.0,69.91,68.29,42.53,42.18,42.22,25.68,25.47,41.23,25.47
JOR,Jordan,Arab States,Lower middle income,0,0,0,3.53,3.48,3.48,6.62,5.65,3.53,2024.0,5.65,2025.0,53.44,46.95,24.51,21.24,28.5,13.07,13.07,28.89,13.07
JPN,Japan,Asia & Pacific,High income,0,0,0,0.52,0.5,0.65,0.95,1.01,0.52,2024.0,1.01,2025.0,37.77,43.48,25.42,28.85,20.67,13.91,14.21,27.94,18.54
KAZ,Kazakhstan,CIS countries,Upper middle income,0,1,0,1.11,1.18,1.18,0.89,0.79,1.11,2024.0,0.79,2025.0,23.94,22.64,8.93,7.85,29.87,11.14,11.77,33.96,11.77
KEN,Kenya,Africa,Lower middle income,0,0,0,1.79,1.64,4.1,13.42,12.29,1.79,2024.0,12.29,2025.0,68.57,67.56,22.92,23.19,9.15,3.06,3.09,22.53,7.73
KGZ,Kyrgyzstan,CIS countries,Lower middle income,0,1,0,1.31,1.06,1.47,5.47,5.6,1.31,2024.0,5.6,2025.0,27.49,34.82,8.51,10.89,6.6,2.04,2.06,9.16,2.87
KHM,Cambodia,Asia & Pacific,Lower middle income,1,0,0,0.66,0.48,0.48,9.94,7.14,0.66,2024.0,7.14,2025.0,40.58,39.95,15.0,15.0,2.71,1.0,1.0,2.66,1.0
KIR,Kiribati,Asia & Pacific,Lower middle income,1,0,1,4.55,4.28,4.28,,,4.55,2024.0,,,,,,,24.02,13.18,12.55,21.3,12.55
KNA,Saint Kitts and Nevis,The Americas,High income,0,0,1,2.02,1.97,1.97,3.2,3.12,2.02,2024.0,3.12,2025.0,73.6,73.6,58.5,58.5,46.6,37.04,37.04,46.6,37.04
KOR,Korea (Rep. of),Asia & Pacific,High income,0,0,0,0.45,0.45,0.45,0.94,0.94,0.45,2024.0,0.94,2025.0,37.13,37.15,25.27,23.85,17.68,12.03,11.36,17.69,11.36
KWT,Kuwait,Arab States,High income,0,0,0,0.43,0.5,0.5,0.52,0.5,0.43,2024.0,0.5,2025.0,32.63,27.21,19.54,16.21,27.19,16.28,16.21,27.21,16.21
LAO,Lao P.D.R.,Asia & Pacific,Lower middle income,1,1,0,1.41,1.2,1.2,5.82,4.94,1.41,2024.0,4.94,2025.0,35.27,29.49,8.23,7.58,8.55,2.0,1.84,7.15,1.84
LBN,Lebanon,Arab States,Lower middle income,0,0,0,2.08,2.46,3.03,5.51,1.88,2.08,2024.0,1.88,2025.0,38.74,8.9,5.21,5.21,56.97,7.66,7.66,16.11,9.43
LBR,Liberia,Africa,Low income,1,0,0,8.22,7.89,12.63,152.88,146.84,8.22,2024.0,146.84,2025.0,201.02,193.27,93.0,93.0,10.81,5.0,5.0,16.63,8.0
LBY,Libya,Arab States,Upper middle income,0,0,0,0.34,0.39,0.39,0.68,0.78,0.34,2024.0,0.78,2025.0,10.98,11.06,4.12,4.09,5.49,2.06,2.04,5.53,2.04
LCA,Saint Lucia,The Americas,Upper middle income,0,0,1,4.28,4.22,4.22,3.99,3.94,4.28,2024.0,3.94,2025.0,70.96,73.13,42.52,42.52,76.02,45.56,45.56,78.35,45.56
LIE,Liechtenstein,Europe countries,High income,0,0,0,0.06,0.07,0.07,0.38,0.4,0.06,2024.0,0.4,2025.0,,,66.24,66.63,,10.95,11.01,,11.01
LKA,Sri Lanka,Asia & Pacific,Lower middle income,0,0,0,0.26,0.24,0.46,0.72,0.66,0.26,2024.0,0.66,2025.0,8.06,8.33,2.43,2.46,2.94,0.88,0.9,5.89,1.74
LSO,Lesotho,Africa,Lower middle income,1,1,0,5.06,4.51,8.35,6.27,5.58,5.06,2024.0,5.58,2025.0,16.62,16.13,5.33,5.35,13.43,4.31,4.32,24.11,8.0
LTU,Lithuania,Europe countries,High income,0,0,0,0.19,0.18,0.31,0.79,0.4,0.19,2024.0,0.4,2025.0,29.08,16.37,17.12,9.36,7.11,4.19,4.09,12.67,7.25
LUX,Luxembourg,Europe countries,High income,0,0,0,0.12,0.11,0.15,0.77,0.69,0.12,2024.0,0.69,2025.0,57.69,58.74,55.98,54.71,8.87,8.61,8.42,12.42,11.57
LVA,Latvia,Europe countries,High income,0,0,0,0.34,0.34,0.56,1.35,0.99,0.34,2024.0,0.99,2025.0,40.25,32.11,25.3,18.41,10.26,6.45,6.3,18.31,10.5
MAC,"Macao, China",Asia & Pacific,High income,0,0,0,0.13,0.11,0.11,0.88,0.57,0.13,2024.0,0.57,2025.0,46.59,48.28,31.05,31.2,7.08,4.72,5.99,9.27,5.99
MAR,Morocco,Arab States,Lower middle income,0,0,0,0.65,0.61,1.5,3.24,3.04,0.65,2024.0,3.04,2025.0,24.05,24.52,9.89,9.99,4.86,2.0,2.02,12.13,4.95
MCO,Monaco,Europe countries,High income,0,0,0,0.21,0.2,0.2,0.21,0.2,0.21,2024.0,0.2,2025.0,,,43.05,42.07,,43.05,42.07,,42.07
MDA,Moldova,Europe countries,Upper middle income,0,1,0,0.59,0.53,0.53,1.24,1.51,0.59,2024.0,1.51,2025.0,15.32,20.63,7.09,9.33,7.3,3.38,3.25,7.18,3.25
MDG,Madagascar,Africa,Low income,1,0,0,6.28,5.99,12.49,51.79,24.48,6.28,2024.0,24.48,2025.0,82.77,40.97,22.4,10.46,10.03,2.72,2.56,20.9,5.34
MDV,Maldives,Asia & Pacific,Upper middle income,0,0,1,1.14,1.07,2.15,1.9,1.79,1.14,2024.0,1.79,2025.0,27.8,28.56,17.54,17.52,16.68,10.52,10.51,34.27,21.02
MEX,Mexico,The Americas,Upper middle income,0,0,0,0.9,0.86,1.19,1.74,1.67,0.9,2024.0,1.67,2025.0,32.35,31.77,20.27,17.09,16.68,10.45,8.81,22.67,12.19
MHL,Marshall Islands,Asia & Pacific,Upper middle income,0,0,1,3.17,2.86,3.58,7.92,7.15,3.17,2024.0,7.15,2025.0,54.17,53.76,49.95,49.95,21.69,20.0,20.0,26.91,25.0
MKD,North Macedonia,Europe countries,Upper middle income,0,1,0,0.65,0.66,1.31,2.46,2.15,0.65,2024.0,2.15,2025.0,42.23,40.04,15.73,15.34,11.09,4.13,4.71,24.45,9.37
MLI,Mali,Africa,Low income,1,1,0,9.24,7.51,9.38,22.88,18.58,9.24,2024.0,18.58,2025.0,51.59,51.47,16.25,15.88,20.85,6.57,6.42,25.99,8.02
MLT,Malta,Europe countries,High income,0,0,0,0.23,0.21,0.36,0.94,1.0,0.23,2024.0,1.0,2025.0,41.77,45.85,26.9,29.45,10.01,6.45,6.3,16.36,10.51
MMR,Myanmar,Asia & Pacific,Lower middle income,1,0,0,2.31,2.88,7.19,6.37,5.96,2.31,2024.0,5.96,2025.0,25.29,24.16,6.19,3.35,9.18,2.25,1.61,29.16,4.04
MNE,Montenegro,Europe countries,Upper middle income,0,0,0,1.07,0.76,1.01,1.25,2.41,1.07,2024.0,2.41,2025.0,27.13,56.61,12.55,25.14,23.26,10.77,7.92,23.69,10.52
MNG,Mongolia,Asia & Pacific,Upper middle income,0,1,0,1.16,0.84,0.84,2.12,1.91,1.16,2024.0,1.91,2025.0,29.57,28.5,9.47,9.26,16.17,5.18,4.05,12.47,4.05
MNP,Northern Marianas,Other Economies,High income,0,0,1,,,,,,,,,,53.33,101.34,50.0,95.0,4.27,4.0,4.0,10.67,10.0
MOZ,Mozambique,Africa,Low income,1,0,0,5.08,3.27,6.4,45.85,44.21,5.08,2024.0,44.21,2025.0,54.52,53.92,21.17,21.17,6.04,2.35,1.56,7.81,3.07
MRT,Mauritania,Arab States,Lower middle income,1,0,0,3.05,2.94,2.94,15.27,17.62,3.05,2024.0,17.62,2025.0,80.74,97.32,25.34,30.14,16.15,5.07,5.02,16.22,5.02
MUS,Mauritius,Africa,Upper middle income,0,0,1,0.62,0.54,0.54,1.13,0.98,0.62,2024.0,0.98,2025.0,25.21,25.06,10.69,10.73,13.84,5.87,5.89,13.76,5.89
MWI,Malawi,Africa,Low income,1,1,0,8.83,8.07,8.45,46.88,21.11,8.83,2024.0,21.11,2025.0,111.91,29.9,25.0,8.57,14.33,3.2,3.27,11.96,3.43
MYS,Malaysia,Asia & Pacific,Upper middle income,0,0,0,0.23,0.23,0.23,2.2,2.15,0.23,2024.0,2.15,2025.0,64.39,65.1,19.94,21.2,6.83,2.11,2.25,6.9,2.25
NAM,Namibia,Africa,Lower middle income,0,0,0,0.99,1.06,2.75,5.02,5.36,0.99,2024.0,5.36,2025.0,48.27,47.67,18.79,18.86,9.54,3.72,3.73,24.5,9.7
NCL,New Caledonia,Other Economies,High income,0,0,1,0.63,0.31,0.92,,,0.63,2024.0,,,,,,,17.23,18.04,8.82,25.57,26.17
NER,Niger,Africa,Low income,1,1,0,8.31,6.93,13.86,61.14,50.98,8.31,2024.0,50.98,2025.0,90.8,85.71,30.18,29.49,12.35,4.1,4.01,23.31,8.02
NGA,Nigeria,Africa,Lower middle income,0,0,0,1.75,1.56,1.56,17.33,15.47,1.75,2024.0,15.47,2025.0,72.31,55.87,10.57,9.75,7.31,1.07,0.99,5.65,0.99
NIC,Nicaragua,The Americas,Lower middle income,0,0,0,5.48,3.88,3.88,8.45,7.62,5.48,2024.0,7.62,2025.0,43.71,46.2,15.99,17.17,29.86,10.92,8.74,23.5,8.74
NIU,Niue,Other Economies,,0,0,1,,,,,,,,,,,,16.95,15.9,,16.95,15.9,,15.9
NLD,Netherlands,Europe countries,High income,0,0,0,0.31,0.29,0.43,0.89,0.76,0.31,2024.0,0.76,2025.0,53.7,51.1,45.76,41.56,18.95,16.15,15.78,29.11,23.67
NOR,Norway,Europe countries,High income,0,0,0,0.37,0.37,0.37,1.07,1.17,0.37,2024.0,1.17,2025.0,89.71,98.75,79.98,85.93,31.22,27.84,27.08,31.11,27.08
NPL,Nepal (Republic of),Asia & Pacific,Lower middle income,1,1,0,1.99,1.22,1.83,7.19,7.28,1.99,2024.0,7.28,2025.0,30.26,34.2,7.87,8.58,8.36,2.17,1.44,8.62,2.16
NRU,Nauru,Asia & Pacific,High income,0,0,1,0.81,3.58,3.58,,,0.81,2024.0,,,,,,,20.98,13.5,62.1,99.77,62.1
NZL,New Zealand,Asia & Pacific,High income,0,0,0,0.47,0.32,0.63,0.93,1.0,0.47,2024.0,1.0,2025.0,39.07,43.74,36.32,36.91,19.53,18.16,11.92,27.59,23.28
OMN,Oman,Arab States,High income,0,0,0,0.43,0.33,0.46,2.27,4.69,0.43,2024.0,4.69,2025.0,83.2,149.75,40.96,73.73,15.85,7.8,5.2,14.79,7.28
PAK,Pakistan,Asia & Pacific,Lower middle income,0,0,0,1.0,1.0,1.74,8.63,4.02,1.0,2024.0,4.02,2025.0,41.7,21.18,8.88,4.92,4.81,1.02,1.22,9.16,2.13
PAN,Panama,The Americas,High income,0,0,0,1.5,1.42,1.42,2.87,2.62,1.5,2024.0,2.62,2025.0,81.91,77.46,42.8,39.59,43.0,22.47,21.4,41.87,21.4
PER,Peru,The Americas,Upper middle income,0,0,0,1.21,1.12,1.12,2.6,2.81,1.21,2024.0,2.81,2025.0,30.45,35.86,15.99,18.87,14.23,7.47,7.56,14.37,7.56
PHL,Philippines,Asia & Pacific,Lower middle income,0,0,0,1.56,1.39,1.66,4.69,4.18,1.56,2024.0,4.18,2025.0,43.45,43.34,15.55,15.51,14.45,5.17,5.16,17.26,6.18
PLW,Palau,Asia & Pacific,High income,0,0,1,2.13,2.12,2.12,5.11,5.1,2.13,2024.0,5.1,2025.0,63.58,64.02,63.6,63.6,26.49,26.5,26.5,26.67,26.5
PNG,Papua New Guinea,Asia & Pacific,Lower middle income,0,0,1,11.83,20.41,11.43,3.55,3.25,11.83,2024.0,3.25,2025.0,10.79,11.04,7.86,7.46,38.45,28.0,50.0,41.46,28.0
POL,Poland,Europe countries,High income,0,0,0,0.47,0.37,0.37,0.88,0.81,0.47,2024.0,0.81,2025.0,32.35,31.37,16.26,16.26,17.42,8.76,7.5,14.48,7.5
PRI,Puerto Rico,Other Economies,High income,0,0,1,0.8,0.77,0.77,1.27,1.24,0.8,2024.0,1.24,2025.0,31.11,30.62,26.75,26.75,19.45,16.73,16.73,19.15,16.73
PRT,Portugal,Europe countries,High income,0,0,0,0.48,0.37,0.37,1.26,0.69,0.48,2024.0,0.69,2025.0,44.28,25.88,27.98,15.78,17.04,10.77,8.42,13.8,8.42
PRY,Paraguay,The Americas,Upper middle income,0,1,0,1.9,1.41,1.41,3.78,3.84,1.9,2024.0,3.84,2025.0,49.41,52.86,18.58,18.94,24.88,9.36,6.95,19.38,6.95
PSE,State of Palestine,Arab States,Lower middle income,0,0,0,0.43,0.56,1.4,1.73,1.42,0.43,2024.0,1.42,2025.0,40.67,17.44,21.74,13.8,10.04,5.37,5.41,17.1,13.53
PYF,French Polynesia,Other Economies,High income,0,0,1,0.55,0.43,0.43,3.37,2.65,0.55,2024.0,2.65,2025.0,59.88,59.88,55.03,53.78,9.82,9.02,8.82,9.82,8.82
QAT,Qatar,Arab States,High income,0,0,0,0.14,0.18,0.22,1.43,1.63,0.14,2024.0,1.63,2025.0,130.3,132.46,100.27,100.27,12.49,9.62,10.99,18.15,13.74
ROU,Romania,Europe countries,High income,0,0,0,0.43,0.4,0.4,0.44,0.4,0.43,2024.0,0.4,2025.0,15.03,14.22,6.49,6.34,14.83,6.41,6.26,14.04,6.26
RUS,Russian Federation,CIS countries,High income,0,0,0,0.36,0.31,0.62,0.57,0.53,0.36,2024.0,0.53,2025.0,18.96,18.99,6.07,6.41,12.06,3.86,3.74,22.12,7.47
RWA,Rwanda,Africa,Low income,1,1,0,2.11,1.87,1.87,26.38,23.34,2.11,2024.0,23.34,2025.0,68.38,69.18,19.23,17.86,5.47,1.54,1.43,5.53,1.43
SAU,Saudi Arabia,Arab States,High income,0,0,0,0.76,0.63,0.68,0.33,0.27,0.76,2024.0,0.27,2025.0,15.74,15.94,8.0,8.0,36.21,18.4,18.4,39.71,19.93
SDN,Sudan,Arab States,Low income,1,0,0,3.82,5.44,6.62,8.22,36.63,3.82,2024.0,36.63,2025.0,48.85,48.84,8.32,23.07,22.7,3.87,3.43,8.83,4.17
SEN,Senegal,Africa,Lower middle income,1,0,0,2.34,2.34,4.68,15.12,15.1,2.34,2024.0,15.1,2025.0,56.06,56.26,21.17,20.69,8.69,3.28,3.21,17.45,6.42
SGP,Singapore,Asia & Pacific,High income,0,0,1,0.16,0.15,0.18,0.7,0.93,0.16,2024.0,0.93,2025.0,53.36,75.81,41.31,58.58,12.41,9.61,9.64,14.39,11.12
SHN,St. Helena,Other Economies,,0,0,0,,,,,,,,,,,,18.46,18.42,,5.05,7.56,,13.85
SLB,Solomon Islands,Asia & Pacific,Lower middle income,1,0,1,9.86,6.6,6.6,48.03,,9.86,2024.0,48.03,2024.0,100.02,,88.36,,20.54,18.14,11.85,13.34,11.85
SLE,Sierra Leone,Africa,Low income,1,0,0,4.51,2.45,6.13,,,4.51,2024.0,,,,,,,7.55,1.73,1.7,15.11,4.26
SLV,El Salvador,The Americas,Upper middle income,0,0,0,2.93,2.34,2.81,7.32,5.86,2.93,2024.0,5.86,2025.0,61.19,52.06,30.0,25.0,24.48,12.0,10.0,24.99,12.0
SMR,San Marino,Europe countries,High income,0,0,0,0.26,0.25,0.25,0.94,0.89,0.26,2024.0,0.89,2025.0,47.41,48.59,38.65,37.77,13.21,10.77,10.52,13.53,10.52
SOM,Somalia,Arab States,Low income,1,0,0,3.93,4.0,4.0,59.02,50.0,3.93,2024.0,50.0,2025.0,,,30.0,25.0,,2.0,2.0,,2.0
SRB,Serbia,Europe countries,Upper middle income,0,0,0,0.62,0.7,0.96,2.06,2.1,0.62,2024.0,2.1,2025.0,37.57,45.61,18.39,21.53,11.28,5.52,7.18,20.91,9.87
SSD,South Sudan,Africa,Low income,1,1,0,13.22,9.69,24.23,,,13.22,2024.0,,,,,,,,6.73,2.43,166.24,6.07
STP,Sao Tome and Principe,Africa,Lower middle income,0,0,1,2.99,2.37,4.35,15.76,12.5,2.99,2024.0,12.5,2025.0,64.55,58.11,35.01,33.71,12.26,6.65,6.4,20.25,11.75
SUR,Suriname,The Americas,Upper middle income,0,0,1,2.15,1.94,1.94,3.06,2.76,2.15,2024.0,2.76,2025.0,58.47,35.57,15.94,14.66,41.1,11.2,10.32,25.02,10.32
SVK,Slovakia,Europe countries,High income,0,0,0,0.6,0.51,0.83,0.82,0.78,0.6,2024.0,0.78,2025.0,25.13,27.2,16.14,16.16,18.44,11.84,10.66,29.05,17.25
SVN,Slovenia,Europe countries,High income,0,0,0,0.41,0.1,0.1,1.51,1.5,0.41,2024.0,1.5,2025.0,60.52,64.71,39.73,40.92,16.38,10.76,2.63,4.16,2.63
SWE,Sweden,Europe countries,High income,0,0,0,0.29,0.28,0.39,1.14,1.11,0.29,2024.0,1.11,2025.0,67.38,67.18,55.15,55.15,17.05,13.95,13.95,23.84,19.57
SWZ,Eswatini,Africa,Lower middle income,0,1,0,3.47,1.73,4.56,1.74,1.73,3.47,2024.0,1.73,2025.0,15.16,14.79,5.12,5.13,30.16,10.18,5.13,38.92,13.51
SXM,St. Maarten,Other Economies,High income,0,0,1,0.37,0.36,0.54,0.91,0.91,0.37,2024.0,0.91,2025.0,34.15,34.01,27.93,27.93,13.66,11.17,11.17,20.41,16.76
SYC,Seychelles,Africa,High income,0,0,1,0.82,0.95,1.43,0.96,0.95,0.82,2024.0,0.95,2025.0,22.33,23.0,13.75,13.49,18.96,11.67,13.49,34.56,20.27
SYR,Syrian Arab Republic,Arab States,Low income,0,0,0,10.68,3.13,4.88,3.91,1.53,10.68,2024.0,1.53,2025.0,14.8,4.68,0.59,0.76,40.44,1.62,1.56,14.99,2.44
TCA,Turks & Caicos Is.,Other Economies,High income,0,0,1,1.65,1.47,1.47,4.08,3.48,1.65,2024.0,3.48,2025.0,66.84,82.96,99.0,99.0,27.01,40.0,42.0,35.19,42.0
TCD,Chad,Africa,Low income,1,1,0,8.37,5.9,11.81,,,8.37,2024.0,,,,,,,13.33,4.92,4.81,25.2,9.62
TGO,Togo,Africa,Low income,1,0,0,5.83,5.68,9.46,29.17,28.39,5.83,2024.0,28.39,2025.0,68.0,67.5,24.62,24.06,13.6,4.92,4.81,22.5,8.02
THA,Thailand,Asia & Pacific,Upper middle income,0,0,0,0.74,0.61,0.61,2.63,2.54,0.74,2024.0,2.54,2025.0,47.74,48.78,14.55,15.72,13.41,4.09,3.77,11.69,3.77
TJK,Tajikistan,CIS countries,Lower middle income,0,1,0,2.94,2.5,4.99,5.93,5.05,2.94,2024.0,5.05,2025.0,24.93,23.61,7.38,7.31,12.35,3.66,3.62,23.34,7.23
TKL,Tokelau,Other Economies,,0,0,0,,,,,,,,,,,,72.65,17.03,,30.27,17.03,,17.03
TKM,Turkmenistan,CIS countries,Upper middle income,0,1,0,1.65,2.02,7.27,4.95,6.06,1.65,2024.0,6.06,2025.0,99.78,97.46,42.86,42.86,33.26,14.29,14.29,116.96,51.43
TLS,Timor-Leste,Asia & Pacific,Lower middle income,1,0,1,2.24,3.08,3.85,27.48,37.69,2.24,2024.0,37.69,2025.0,134.06,107.52,49.0,49.0,10.94,4.0,4.0,10.97,5.0
TON,Tonga,Asia & Pacific,Upper middle income,0,0,1,2.09,2.88,2.88,,,2.09,2024.0,1.94,2023.0,,,,,10.98,8.42,12.35,16.43,12.35
TTO,Trinidad and Tobago,The Americas,High income,0,0,1,1.64,1.49,1.49,2.97,2.73,1.64,2024.0,2.73,2025.0,73.75,76.56,43.72,44.28,40.82,24.2,24.18,41.8,24.18
TUN,Tunisia,Arab States,Lower middle income,0,0,0,0.82,0.91,1.36,4.17,3.72,0.82,2024.0,3.72,2025.0,44.48,42.72,13.06,12.93,8.7,2.55,3.16,15.67,4.74
TUR,Türkiye,Europe countries,Upper middle income,0,0,0,0.87,0.55,0.55,1.61,1.29,0.87,2024.0,1.29,2025.0,56.01,43.02,12.65,14.92,30.13,6.81,6.35,18.32,6.35
TUV,Tuvalu,Asia & Pacific,Upper middle income,1,0,1,2.31,1.99,1.99,11.54,9.94,2.31,2024.0,9.94,2025.0,81.97,76.87,70.53,67.12,16.39,14.11,13.42,15.37,13.42
TWN,"Taiwan, Province of China",Other Economies,High income,0,0,0,,,,,,,,,,,,8.96,20.1,,15.45,9.24,,16.2
TZA,Tanzania,Africa,Lower middle income,1,0,0,4.23,3.99,4.79,4.23,27.95,4.23,2024.0,27.95,2025.0,15.23,106.47,3.87,27.53,15.23,3.87,3.93,18.25,4.72
UGA,Uganda,Africa,Low income,1,1,0,3.22,3.03,6.07,36.03,33.98,3.22,2024.0,33.98,2025.0,84.79,84.48,29.57,30.45,7.57,2.64,2.72,15.09,5.44
UKR,Ukraine,Europe countries,Upper middle income,0,0,0,1.08,1.38,1.38,2.4,2.82,1.08,2024.0,2.82,2025.0,37.33,47.18,9.79,12.21,16.75,4.39,5.99,23.13,5.99
URY,Uruguay,The Americas,High income,0,0,0,0.59,0.53,0.81,2.08,2.13,0.59,2024.0,2.13,2025.0,49.05,54.44,36.41,36.7,13.9,10.32,9.2,20.82,14.03
USA,United States,The Americas,High income,0,0,0,0.64,0.61,0.61,0.71,0.76,0.64,2024.0,0.76,2025.0,48.95,54.44,48.95,54.44,43.52,43.52,43.52,43.52,43.52
UZB,Uzbekistan,CIS countries,Lower middle income,0,1,0,0.62,0.45,0.74,4.09,1.34,0.62,2024.0,1.34,2025.0,33.01,13.34,7.82,3.48,5.0,1.18,1.16,7.41,1.93
VCT,Saint Vincent and the Grenadines,The Americas,Upper middle income,0,0,1,5.22,4.67,4.67,5.44,4.87,5.22,2024.0,4.87,2025.0,73.6,73.12,46.3,46.3,70.6,44.41,44.41,70.14,44.41
VEN,Venezuela,The Americas,,0,0,0,20.59,7.56,13.16,41.96,13.51,20.59,2024.0,13.51,2025.0,,,7.94,6.88,,3.9,3.85,,6.69
VGB,British Virgin Islands,Other Economies,High income,0,0,1,0.7,0.85,0.85,3.23,4.12,0.7,2024.0,4.12,2025.0,113.62,118.52,116.0,121.0,24.49,25.0,25.0,24.49,25.0
VIR,Virgin Islands (US),Other Economies,High income,0,0,1,,,,,,,,,,59.34,60.52,59.95,59.95,19.8,20.0,20.0,30.29,30.0
VNM,Viet Nam,Asia & Pacific,Lower middle income,0,0,0,0.86,0.76,0.76,2.02,1.8,0.86,2024.0,1.8,2025.0,23.19,23.04,6.82,6.72,9.84,2.89,2.85,9.78,2.85
VUT,Vanuatu,Asia & Pacific,Lower middle income,0,0,1,2.63,2.49,2.49,16.64,15.73,2.63,2024.0,15.73,2025.0,53.21,49.82,53.02,52.62,8.41,8.38,8.32,7.88,8.32
WLF,Wallis and Futuna,Other Economies,,0,0,0,,,,,,,,,,,,71.35,69.65,,,,,
WSM,Samoa,Asia & Pacific,Upper middle income,0,0,1,5.59,4.69,4.69,13.44,11.29,5.59,2024.0,11.29,2025.0,65.5,66.11,45.37,44.1,27.25,18.87,18.35,27.5,18.35
YEM,Yemen,Arab States,Low income,1,0,0,6.49,7.97,11.95,5.11,6.28,6.49,2024.0,6.28,2025.0,,,0.98,2.97,,1.24,3.78,,5.66
ZAF,South Africa,Africa,Upper middle income,0,0,0,1.63,1.27,1.27,3.32,3.36,1.63,2024.0,3.36,2025.0,41.46,40.9,16.96,17.03,20.4,8.35,6.43,15.45,6.43
ZMB,Zambia,Africa,Lower middle income,1,1,0,2.17,1.91,3.18,4.52,3.97,2.17,2024.0,3.97,2025.0,14.76,13.22,3.85,3.54,7.09,1.85,1.7,10.57,2.83
ZWE,Zimbabwe,Africa,Lower middle income,0,1,0,,,,,,4.76,2023.0,12.8,2023.0,,,14.0,14.0,,,,,
