sample,monthly_price_usd,threshold_pct,n,n_above,country_share_above,covered_working_age_share_above
Latest 2022-2025,5,1,201,82,0.4079601990049751,0.5291757130284971
Latest 2022-2025,8,1,201,106,0.527363184079602,0.5714157226538413
Latest 2022-2025,20,1,201,140,0.6965174129353234,0.8559261397436849
Latest 2022-2025,100,1,201,200,0.9950248756218906,0.9999921713329752
Latest 2022-2025,200,1,201,201,1.0,1.0
Latest 2022-2025,5,2,201,52,0.25870646766169153,0.3974507177135207
Latest 2022-2025,8,2,201,71,0.35323383084577115,0.44582272299926395
Latest 2022-2025,20,2,201,113,0.5621890547263682,0.6011197983661398
Latest 2022-2025,100,2,201,181,0.900497512437811,0.934700102472517
Latest 2022-2025,200,2,201,200,0.9950248756218906,0.9999921713329752
Latest 2022-2025,5,5,201,21,0.1044776119402985,0.07141300913255935
Latest 2022-2025,8,5,201,34,0.1691542288557214,0.1557150839558864
Latest 2022-2025,20,5,201,71,0.35323383084577115,0.44582272299926395
Latest 2022-2025,100,5,201,140,0.6965174129353234,0.8559261397436849
Latest 2022-2025,200,5,201,172,0.8557213930348259,0.9082386187904963
Latest 2022-2025,5,10,201,5,0.024875621890547265,0.013691156561915262
Latest 2022-2025,8,10,201,14,0.06965174129353234,0.04225935745438588
Latest 2022-2025,20,10,201,42,0.208955223880597,0.16742469032336527
Latest 2022-2025,100,10,201,113,0.5621890547263682,0.6011197983661398
Latest 2022-2025,200,10,201,140,0.6965174129353234,0.8559261397436849
2025 only,5,1,182,79,0.4340659340659341,0.5270386044587487
2025 only,8,1,182,103,0.5659340659340659,0.569795909322621
2025 only,20,1,182,135,0.7417582417582418,0.8570013832676051
2025 only,100,1,182,182,1.0,1.0
2025 only,200,1,182,182,1.0,1.0
2025 only,5,2,182,50,0.27472527472527475,0.39441770905343576
2025 only,8,2,182,68,0.37362637362637363,0.44266482619481484
2025 only,20,2,182,110,0.6043956043956044,0.5998637580801233
2025 only,100,2,182,167,0.9175824175824175,0.9340293952177521
2025 only,200,2,182,182,1.0,1.0
2025 only,5,5,182,19,0.1043956043956044,0.06438715682197675
2025 only,8,5,182,32,0.17582417582417584,0.14972164291345783
2025 only,20,5,182,68,0.37362637362637363,0.44266482619481484
2025 only,100,5,182,135,0.7417582417582418,0.8570013832676051
2025 only,200,5,182,160,0.8791208791208791,0.9090629026667155
2025 only,5,10,182,4,0.02197802197802198,0.009235184380824856
2025 only,8,10,182,12,0.06593406593406594,0.03487647290511328
2025 only,20,10,182,40,0.21978021978021978,0.1615746517960559
2025 only,100,10,182,110,0.6043956043956044,0.5998637580801233
2025 only,200,10,182,135,0.7417582417582418,0.8570013832676051
