source,window,variant,n,C2_coef,C2_se,C2_p,IND_resid,IND_perm_p
ms,H1 2025 to H2 2025,region_fe,107,0.020903656656225903,0.020419429470318884,0.3059703614728294,0.03973350574818168,0.09174311926605505
ms,H1 2025 to H2 2025,non_high_income,64,0.02542463723314304,0.010198313059705514,0.012666035400512449,0.04996992153083815,0.08256880733944955
ms,H1 2025 to H2 2025,pp,107,0.2916948537462598,0.12968792431963017,0.02449939476503186,0.7346509686074086,0.11926605504587157
ms,H2 2025 to Q1 2026,region_fe,107,0.015683895815982035,0.02381070842703729,0.510094308689821,0.03145572008905054,0.21100917431192662
ms,H2 2025 to Q1 2026,non_high_income,64,0.013445143443808797,0.00838517969711802,0.108837258796201,0.033309182106259244,0.41284403669724773
ms,H2 2025 to Q1 2026,pp,107,0.12620170083674914,0.1434054524097885,0.37884078934841847,0.5387166806957695,0.22935779816513763
ms,Q1 2026 to Q2 2026,region_fe,107,0.010713791703105826,0.015114836722188834,0.478432360517589,0.012491138706778017,0.42201834862385323
ms,Q1 2026 to Q2 2026,non_high_income,64,0.010816966933252509,0.007317200001341059,0.13932931961201855,0.018107912490936982,0.5596330275229358
ms,Q1 2026 to Q2 2026,pp,107,0.048576082356808215,0.08964603973354668,0.5879112709452684,0.2914604684126332,0.3119266055045872
aui,Aug 2025 to Nov 2025,region_fe,155,0.029566884738249838,0.10167026957149057,0.77119548100022,-0.038867141114733134,0.8535031847133758
aui,Aug 2025 to Nov 2025,non_high_income,93,-0.09468862157727974,0.05963384392110614,0.1123239695398834,-0.16973784619469978,0.37579617834394907
aui,Aug 2025 to Nov 2025,pp,155,-0.04946922505065558,0.04900681567596829,0.312765765891442,-0.08162996474508794,0.6942675159235668
aui,Nov 2025 to Feb 2026,region_fe,159,-0.14009833563993718,0.12574999976627713,0.26523539867821244,0.15144104439394007,0.45962732919254656
aui,Nov 2025 to Feb 2026,non_high_income,95,-0.16084514434328473,0.07233085334452273,0.026165818982596723,0.10850286519781016,0.6335403726708074
aui,Nov 2025 to Feb 2026,pp,159,-0.13113359781716644,0.05613381666890954,0.019486597763215416,0.07169571649386508,0.7453416149068323
aui,Feb 2026 to May 2026,region_fe,118,-0.18137588772755323,0.20145232603897859,0.3679385468251979,-0.31048742990919864,0.13333333333333333
aui,Feb 2026 to May 2026,non_high_income,67,-0.02643793461838042,0.07787426704288611,0.7342367631968318,-0.042142088412798706,0.9
aui,Feb 2026 to May 2026,pp,118,-0.026936370886155678,0.050880219019565645,0.5965227783181017,-0.003502134363899144,1.0
