iso3,country_wb,income_group,cohort,ms_h1_2025,ms_h2_2025,dlog,resid,window,source,ms_q1_2026,ms_q2_2026,aui_aug25,aui_nov25,aui_feb26,aui_may26
ALB,Albania,Upper-middle income,other,15.8,16.5,0.04335044087361384,-0.02538645518704663,H1 2025 to H2 2025,ms,,,,,,
ARE,United Arab Emirates,High income,other,59.4,64.0,0.0745888569910722,0.018011330854755522,H1 2025 to H2 2025,ms,,,,,,
ARG,Argentina,Upper-middle income,other,17.8,19.6,0.09633110893843222,0.027870761796800467,H1 2025 to H2 2025,ms,,,,,,
ARM,Armenia,Upper-middle income,other,6.2,6.6,0.06252035698133374,-0.02423573145830081,H1 2025 to H2 2025,ms,,,,,,
AUS,Australia,High income,other,34.5,36.9,0.06725222700916733,-0.004750458112610545,H1 2025 to H2 2025,ms,,,,,,
AUT,Austria,High income,other,29.1,31.4,0.07606971873676072,0.0008853029230683207,H1 2025 to H2 2025,ms,,,,,,
AZE,Azerbaijan,Upper-middle income,other,14.2,15.5,0.08759805931798592,0.022709500832197332,H1 2025 to H2 2025,ms,,,,,,
BEL,Belgium,High income,other,33.5,36.0,0.07197349962508914,0.0002456858128526279,H1 2025 to H2 2025,ms,,,,,,
BGD,Bangladesh,Lower-middle income,C2,6.5,7.1,0.08829260714567844,0.017447509391271904,H1 2025 to H2 2025,ms,,,,,,
BGR,Bulgaria,High income,other,25.4,27.3,0.0721375281664236,0.009458987477091993,H1 2025 to H2 2025,ms,,,,,,
BIH,Bosnia and Herzegovina,Upper-middle income,other,18.2,19.5,0.06899287148695121,0.006020708969498342,H1 2025 to H2 2025,ms,,,,,,
BLR,Belarus,Upper-middle income,other,7.6,8.4,0.10008345855698275,0.017862029255716505,H1 2025 to H2 2025,ms,,,,,,
BOL,Bolivia,Lower-middle income,other,10.9,11.6,0.06224230887722104,-0.002257272240628924,H1 2025 to H2 2025,ms,,,,,,
BRA,Brazil,Upper-middle income,other,15.6,17.1,0.09180754925312318,0.024489182721578767,H1 2025 to H2 2025,ms,,,,,,
BWA,Botswana,Upper-middle income,other,12.8,13.7,0.06795066190850774,0.0005975031301284489,H1 2025 to H2 2025,ms,,,,,,
CAN,Canada,High income,other,33.5,35.0,0.04380262265839274,-0.02724389321925437,H1 2025 to H2 2025,ms,,,,,,
CHE,Switzerland,High income,other,32.4,34.8,0.07145896398214502,-0.008959803568412139,H1 2025 to H2 2025,ms,,,,,,
CHL,Chile,High income,other,19.6,20.8,0.059423420470800625,-0.00867472839237303,H1 2025 to H2 2025,ms,,,,,,
CHN,China,Upper-middle income,other,15.4,16.3,0.05679759839313325,-0.01465608831376583,H1 2025 to H2 2025,ms,,,,,,
CIV,Cote d'Ivoire,Lower-middle income,other,10.8,11.7,0.08004270767353638,0.021272368084525997,H1 2025 to H2 2025,ms,,,,,,
COL,Colombia,Upper-middle income,other,20.4,22.0,0.07550755250814545,0.018131924596198765,H1 2025 to H2 2025,ms,,,,,,
CRI,Costa Rica,High income,other,25.1,26.5,0.0542768868544381,-0.008785484211260214,H1 2025 to H2 2025,ms,,,,,,
CZE,Czechia,High income,other,26.0,27.8,0.0669394826751093,-0.0031078057851266078,H1 2025 to H2 2025,ms,,,,,,
DEU,Germany,High income,other,26.5,28.6,0.07626198483363034,-0.0010637213441667265,H1 2025 to H2 2025,ms,,,,,,
DNK,Denmark,High income,other,26.6,28.7,0.07598590697792185,-0.004438724644138775,H1 2025 to H2 2025,ms,,,,,,
DOM,Dominican Republic,Upper-middle income,other,22.0,22.7,0.03132247112904096,-0.028090673338116448,H1 2025 to H2 2025,ms,,,,,,
DZA,Algeria,Upper-middle income,other,11.3,12.0,0.06010392406970544,-0.0071508579652955345,H1 2025 to H2 2025,ms,,,,,,
ECU,Ecuador,Upper-middle income,other,17.0,17.7,0.0403512955235672,-0.019508512127030725,H1 2025 to H2 2025,ms,,,,,,
EGY,"Egypt, Arab Rep.",Lower-middle income,other,12.5,13.4,0.06952606264861005,0.01211175147137214,H1 2025 to H2 2025,ms,,,,,,
ESP,Spain,High income,other,39.7,41.8,0.051545151837565584,-0.01018832631319641,H1 2025 to H2 2025,ms,,,,,,
FIN,Finland,High income,other,25.6,27.3,0.06429435070539746,-0.012734610775745808,H1 2025 to H2 2025,ms,,,,,,
FRA,France,High income,other,40.9,44.0,0.07305957086950521,0.008556333662268337,H1 2025 to H2 2025,ms,,,,,,
GAB,Gabon,Upper-middle income,other,12.3,13.4,0.08565544457849361,0.016216160386529843,H1 2025 to H2 2025,ms,,,,,,
GBR,United Kingdom,High income,other,36.4,38.9,0.06642547598170534,-0.002259363784014798,H1 2025 to H2 2025,ms,,,,,,
GEO,Georgia,Upper-middle income,other,17.3,18.2,0.050715092579016297,-0.012148198920413092,H1 2025 to H2 2025,ms,,,,,,
GMB,"Gambia, The",Low income,other,10.6,10.9,0.027908788117076533,-0.017260260566796796,H1 2025 to H2 2025,ms,,,,,,
GRC,Greece,High income,other,17.7,19.1,0.07612369547280107,0.0004988751276359671,H1 2025 to H2 2025,ms,,,,,,
GTM,Guatemala,Upper-middle income,other,13.7,14.8,0.07723134793599007,0.013381447464602916,H1 2025 to H2 2025,ms,,,,,,
HND,Honduras,Lower-middle income,other,12.4,13.1,0.054915757596114556,-0.0027244966151613384,H1 2025 to H2 2025,ms,,,,,,
HRV,Croatia,High income,other,21.8,23.7,0.08356507834604221,0.01278265038931961,H1 2025 to H2 2025,ms,,,,,,
HTI,Haiti,Lower-middle income,other,7.1,7.6,0.06805346324501538,0.0036911853259034566,H1 2025 to H2 2025,ms,,,,,,
HUN,Hungary,High income,other,27.9,29.8,0.06588170468403876,0.0016203715087379361,H1 2025 to H2 2025,ms,,,,,,
IDN,Indonesia,Upper-middle income,C1,11.7,12.7,0.08201315166083534,0.017275318649086643,H1 2025 to H2 2025,ms,,,,,,
IND,India,Lower-middle income,C1,14.2,15.7,0.10041874774704729,0.04810223383739194,H1 2025 to H2 2025,ms,,,,,,
IRL,Ireland,High income,other,41.7,44.6,0.0672327302212623,-0.00432889211618781,H1 2025 to H2 2025,ms,,,,,,
IRN,"Iran, Islamic Rep.",Upper-middle income,other,9.6,10.7,0.10848064299406968,0.040379102869874645,H1 2025 to H2 2025,ms,,,,,,
IRQ,Iraq,Upper-middle income,other,10.3,11.2,0.08376988306545874,0.014716965948471508,H1 2025 to H2 2025,ms,,,,,,
ISR,Israel,High income,other,33.9,36.1,0.06287785095243059,-0.007838149859477672,H1 2025 to H2 2025,ms,,,,,,
ITA,Italy,High income,other,25.8,27.8,0.07466152876901955,0.0013036657245910216,H1 2025 to H2 2025,ms,,,,,,
JAM,Jamaica,Upper-middle income,other,22.2,22.1,-0.0045146803545268455,-0.059745283692248685,H1 2025 to H2 2025,ms,,,,,,
JOR,Jordan,Upper-middle income,other,25.4,27.0,0.06108769197983843,0.01402046813951334,H1 2025 to H2 2025,ms,,,,,,
JPN,Japan,High income,other,16.7,19.1,0.1342796156298749,0.05200527812395528,H1 2025 to H2 2025,ms,,,,,,
KAZ,Kazakhstan,Upper-middle income,other,12.7,13.7,0.07579383936953343,0.00030901769068805707,H1 2025 to H2 2025,ms,,,,,,
KEN,Kenya,Lower-middle income,other,7.8,8.1,0.03774032798284699,-0.025594250325515072,H1 2025 to H2 2025,ms,,,,,,
KGZ,Kyrgyz Republic,Lower-middle income,other,7.6,8.2,0.07598590697792229,0.008956442672307802,H1 2025 to H2 2025,ms,,,,,,
KHM,Cambodia,Lower-middle income,C2,4.6,5.1,0.10318423623523088,0.024716035210005594,H1 2025 to H2 2025,ms,,,,,,
KOR,"Korea, Rep.",High income,other,25.9,30.7,0.17001968588765948,0.0980995141721264,H1 2025 to H2 2025,ms,,,,,,
KWT,Kuwait,High income,other,17.7,19.1,0.07612369547280107,-0.005693111441289117,H1 2025 to H2 2025,ms,,,,,,
LAO,Lao PDR,Lower-middle income,C2,6.0,6.7,0.11034805716886553,0.04121024494173048,H1 2025 to H2 2025,ms,,,,,,
LBN,Lebanon,Lower-middle income,other,24.8,25.7,0.03564733873023762,-0.00697182132291653,H1 2025 to H2 2025,ms,,,,,,
LBY,Libya,Upper-middle income,other,12.7,13.7,0.07579383936953343,0.00850354441821577,H1 2025 to H2 2025,ms,,,,,,
LKA,Sri Lanka,Upper-middle income,C2,6.2,6.6,0.06252035698133374,-0.015797981832447683,H1 2025 to H2 2025,ms,,,,,,
LSO,Lesotho,Lower-middle income,other,8.8,9.1,0.03352269203864333,-0.02006616323709285,H1 2025 to H2 2025,ms,,,,,,
LTU,Lithuania,High income,other,21.0,22.4,0.06453852113757108,-0.009478438422458171,H1 2025 to H2 2025,ms,,,,,,
MAR,Morocco,Lower-middle income,other,10.5,10.9,0.03738753207162038,-0.02780582682941468,H1 2025 to H2 2025,ms,,,,,,
MDA,Moldova,Upper-middle income,other,16.6,17.0,0.023810648693718406,-0.038597027546965784,H1 2025 to H2 2025,ms,,,,,,
MEX,Mexico,Upper-middle income,other,16.7,17.8,0.06378973787533004,-0.005321895962940859,H1 2025 to H2 2025,ms,,,,,,
MMR,Myanmar,Lower-middle income,C2,8.4,9.1,0.08004270767353638,0.024978203377533405,H1 2025 to H2 2025,ms,,,,,,
MNG,Mongolia,Upper-middle income,other,12.6,14.3,0.12656272330842944,0.06107340600518707,H1 2025 to H2 2025,ms,,,,,,
MYS,Malaysia,Upper-middle income,C2,18.3,19.7,0.07371757589656713,0.008059071795597714,H1 2025 to H2 2025,ms,,,,,,
NAM,Namibia,Lower-middle income,other,13.0,13.8,0.05971923470162244,-0.00045127159476097273,H1 2025 to H2 2025,ms,,,,,,
NIC,Nicaragua,Lower-middle income,other,10.0,10.7,0.06765864847381442,0.006780816024308467,H1 2025 to H2 2025,ms,,,,,,
NLD,Netherlands,High income,other,36.3,38.9,0.06917650935359543,-0.002496694644494729,H1 2025 to H2 2025,ms,,,,,,
NOR,Norway,High income,other,45.3,46.4,0.023992426743220996,-0.047027187963931044,H1 2025 to H2 2025,ms,,,,,,
NPL,Nepal,Lower-middle income,C2,12.3,13.0,0.055350095083164685,0.006926226920102696,H1 2025 to H2 2025,ms,,,,,,
NZL,New Zealand,High income,other,37.6,40.5,0.07429792371664456,0.008377719206000944,H1 2025 to H2 2025,ms,,,,,,
OMN,Oman,High income,other,22.6,24.2,0.06840272688440052,0.0018127850005303786,H1 2025 to H2 2025,ms,,,,,,
PAK,Pakistan,Lower-middle income,C2,9.7,10.3,0.06001800972625304,0.006659375969060945,H1 2025 to H2 2025,ms,,,,,,
PAN,Panama,High income,other,20.3,21.5,0.05743204908587529,-0.01140046240040371,H1 2025 to H2 2025,ms,,,,,,
PER,Peru,Upper-middle income,other,13.4,14.7,0.0925927868278249,0.02461663639053227,H1 2025 to H2 2025,ms,,,,,,
PHL,Philippines,Upper-middle income,C2,17.1,18.3,0.06782259633876109,0.01259932830886,H1 2025 to H2 2025,ms,,,,,,
PNG,Papua New Guinea,Lower-middle income,other,7.2,7.3,0.013793322132335861,-0.05489829727742773,H1 2025 to H2 2025,ms,,,,,,
POL,Poland,High income,other,26.4,28.5,0.07654007712233435,0.010126836568309233,H1 2025 to H2 2025,ms,,,,,,
PRT,Portugal,High income,other,22.4,24.2,0.07729167430164674,0.005016540295449817,H1 2025 to H2 2025,ms,,,,,,
PRY,Paraguay,Upper-middle income,other,10.1,11.0,0.08535984895115689,0.01366150018246473,H1 2025 to H2 2025,ms,,,,,,
QAT,Qatar,High income,other,35.7,38.3,0.07029920740100692,-0.0028027292280420335,H1 2025 to H2 2025,ms,,,,,,
ROU,Romania,High income,other,15.3,16.2,0.05715841383994835,-0.018930793141424818,H1 2025 to H2 2025,ms,,,,,,
RUS,Russian Federation,High income,other,7.6,8.0,0.05129329438755059,-0.038045066462654764,H1 2025 to H2 2025,ms,,,,,,
RWA,Rwanda,Low income,other,6.0,6.3,0.04879016416943194,-0.012327493235410415,H1 2025 to H2 2025,ms,,,,,,
SAU,Saudi Arabia,High income,other,23.7,26.2,0.10028436262596552,0.026928614813858595,H1 2025 to H2 2025,ms,,,,,,
SEN,Senegal,Lower-middle income,other,12.4,12.9,0.03953083875663532,-0.010313946915205784,H1 2025 to H2 2025,ms,,,,,,
SGP,Singapore,High income,other,58.6,60.9,0.038498478132884095,-0.02430621682567842,H1 2025 to H2 2025,ms,,,,,,
SLV,El Salvador,Upper-middle income,other,14.6,16.2,0.10398971352404729,0.043692260497805564,H1 2025 to H2 2025,ms,,,,,,
SRB,Serbia,Upper-middle income,other,19.7,21.5,0.0874342993896744,0.02239803921424706,H1 2025 to H2 2025,ms,,,,,,
SVK,Slovak Republic,High income,other,22.1,23.8,0.07410797215372211,0.0031231976458557797,H1 2025 to H2 2025,ms,,,,,,
SVN,Slovenia,High income,other,24.6,26.5,0.07439829005385956,0.0021057618481891277,H1 2025 to H2 2025,ms,,,,,,
SWE,Sweden,High income,other,31.2,33.3,0.06513930217096142,-0.00897634154318934,H1 2025 to H2 2025,ms,,,,,,
SYR,Syrian Arab Republic,Low income,other,6.7,7.1,0.05798725765034929,0.005436452187251459,H1 2025 to H2 2025,ms,,,,,,
THA,Thailand,Upper-middle income,C2,9.1,10.7,0.16196932794505603,0.08617657075470841,H1 2025 to H2 2025,ms,,,,,,
TUN,Tunisia,Lower-middle income,other,12.3,12.7,0.032002731086173686,-0.029335546238419427,H1 2025 to H2 2025,ms,,,,,,
TUR,Turkiye,Upper-middle income,other,13.4,14.6,0.08576682175742523,0.009339039107592845,H1 2025 to H2 2025,ms,,,,,,
UKR,Ukraine,Upper-middle income,other,9.1,9.0,-0.011049836186584727,-0.08256971051295331,H1 2025 to H2 2025,ms,,,,,,
URY,Uruguay,High income,other,20.9,22.5,0.0737661502396092,0.0026996441191536324,H1 2025 to H2 2025,ms,,,,,,
USA,United States,High income,other,26.3,28.3,0.07329286546547298,-0.009192812553554863,H1 2025 to H2 2025,ms,,,,,,
UZB,Uzbekistan,Lower-middle income,other,5.7,6.3,0.10008345855698231,0.022899512766396263,H1 2025 to H2 2025,ms,,,,,,
VNM,Viet Nam,Upper-middle income,C2,21.2,23.5,0.10299923947214662,0.05245795556667701,H1 2025 to H2 2025,ms,,,,,,
ZAF,South Africa,Upper-middle income,other,19.3,21.1,0.08916794457118105,0.033466021668029824,H1 2025 to H2 2025,ms,,,,,,
ZMB,Zambia,Lower-middle income,other,11.7,12.3,0.05001042057466165,0.0038690309420773283,H1 2025 to H2 2025,ms,,,,,,
ZWE,Zimbabwe,Lower-middle income,other,6.9,7.6,0.09662683568907138,0.028009022143146683,H1 2025 to H2 2025,ms,,,,,,
ALB,Albania,Upper-middle income,other,,16.5,0.11441035117774412,0.016086082950603597,H2 2025 to Q1 2026,ms,18.5,,,,,
ARE,United Arab Emirates,High income,other,,64.0,0.09103971068087269,0.030937323616334195,H2 2025 to Q1 2026,ms,70.1,,,,,
ARG,Argentina,Upper-middle income,other,,19.6,0.11095707058598325,0.01735546303337146,H2 2025 to Q1 2026,ms,21.9,,,,,
ARM,Armenia,Upper-middle income,other,,6.6,0.11441035117774456,-0.018844004528015268,H2 2025 to Q1 2026,ms,7.4,,,,,
AUS,Australia,High income,other,,36.9,0.06808912086059449,-0.018170321323576405,H2 2025 to Q1 2026,ms,39.5,,,,,
AUT,Austria,High income,other,,31.4,0.0824894913752634,-0.009800984207275598,H2 2025 to Q1 2026,ms,34.1,,,,,
AZE,Azerbaijan,Upper-middle income,other,,15.5,0.1327246156545825,0.0382503494828131,H2 2025 to Q1 2026,ms,17.7,,,,,
BEL,Belgium,High income,other,,36.0,0.08004270767353638,-0.006277610892543972,H2 2025 to Q1 2026,ms,39.0,,,,,
BGD,Bangladesh,Lower-middle income,C2,,7.1,0.09402894964827646,-0.020940443368384007,H2 2025 to Q1 2026,ms,7.8,,,,,
BGR,Bulgaria,High income,other,,27.3,0.0842603436177396,0.002125380326100962,H2 2025 to Q1 2026,ms,29.7,,,,,
BIH,Bosnia and Herzegovina,Upper-middle income,other,,19.5,0.1251631429540061,0.03644578524244585,H2 2025 to Q1 2026,ms,22.1,,,,,
BLR,Belarus,Upper-middle income,other,,8.4,0.13353139262452274,0.010273137249266207,H2 2025 to Q1 2026,ms,9.6,,,,,
BOL,Bolivia,Lower-middle income,other,,11.6,0.0905968953522267,-0.009428868593850948,H2 2025 to Q1 2026,ms,12.7,,,,,
BRA,Brazil,Upper-middle income,other,,17.1,0.11060987154397006,0.01555516937474391,H2 2025 to Q1 2026,ms,19.1,,,,,
BWA,Botswana,Upper-middle income,other,,13.7,0.07723134793599007,-0.022516809944313154,H2 2025 to Q1 2026,ms,14.8,,,,,
CAN,Canada,High income,other,,35.0,0.06364526516035607,-0.023167426187580054,H2 2025 to Q1 2026,ms,37.3,,,,,
CHE,Switzerland,High income,other,,34.8,0.08269171584511348,-0.013182452939445616,H2 2025 to Q1 2026,ms,37.8,,,,,
CHL,Chile,High income,other,,20.8,0.0874119377800846,-0.005602078983715508,H2 2025 to Q1 2026,ms,22.7,,,,,
CHN,China,Upper-middle income,other,,16.3,0.006116227017435971,-0.09489956273002761,H2 2025 to Q1 2026,ms,16.4,,,,,
CIV,Cote d'Ivoire,Lower-middle income,other,,11.7,0.11302338840339532,0.01945817160565,H2 2025 to Q1 2026,ms,13.1,,,,,
COL,Colombia,Upper-middle income,other,,22.0,0.10763066419236544,0.027035239721786203,H2 2025 to Q1 2026,ms,24.5,,,,,
CRI,Costa Rica,High income,other,,26.5,0.0727593542824283,-0.010743858200943868,H2 2025 to Q1 2026,ms,28.5,,,,,
CZE,Czechia,High income,other,,27.8,0.0794891510582385,-0.009994784347419378,H2 2025 to Q1 2026,ms,30.1,,,,,
DEU,Germany,High income,other,,28.6,0.08380110135938157,-0.012404364243922661,H2 2025 to Q1 2026,ms,31.1,,,,,
DNK,Denmark,High income,other,,28.7,0.08352097204986109,-0.01580596375232085,H2 2025 to Q1 2026,ms,31.2,,,,,
DOM,Dominican Republic,Upper-middle income,other,,22.7,0.08847872868357953,0.005317121069630032,H2 2025 to Q1 2026,ms,24.8,,,,,
DZA,Algeria,Upper-middle income,other,,12.0,0.09531017980432477,-0.0069678959421589776,H2 2025 to Q1 2026,ms,13.2,,,,,
ECU,Ecuador,Upper-middle income,other,,17.7,0.09684982598991754,0.008856183251799474,H2 2025 to Q1 2026,ms,19.5,,,,,
EGY,"Egypt, Arab Rep.",Lower-middle income,other,,13.4,0.09937247381320358,0.009450010262415945,H2 2025 to Q1 2026,ms,14.8,,,,,
ESP,Spain,High income,other,,41.8,0.05582844955294197,-0.01797028922182034,H2 2025 to Q1 2026,ms,44.2,,,,,
FIN,Finland,High income,other,,27.3,0.07750356115486001,-0.01954088552955327,H2 2025 to Q1 2026,ms,29.5,,,,,
FRA,France,High income,other,,44.0,0.08283600557914905,0.007654801684769702,H2 2025 to Q1 2026,ms,47.8,,,,,
GAB,Gabon,Upper-middle income,other,,13.4,0.1127954941453444,0.010920902576945432,H2 2025 to Q1 2026,ms,15.0,,,,,
GBR,United Kingdom,High income,other,,38.9,0.08142597041756572,-0.0004757541990851044,H2 2025 to Q1 2026,ms,42.2,,,,,
GEO,Georgia,Upper-middle income,other,,18.2,0.11900329206161286,0.028689236999493314,H2 2025 to Q1 2026,ms,20.5,,,,,
GMB,"Gambia, The",Low income,other,,10.9,0.04485056616535177,-0.03731023076042507,H2 2025 to Q1 2026,ms,11.4,,,,,
GRC,Greece,High income,other,,19.1,0.085264651654688,-0.01664565024736052,H2 2025 to Q1 2026,ms,20.8,,,,,
GTM,Guatemala,Upper-middle income,other,,14.8,0.1026541540600836,0.008145894016593908,H2 2025 to Q1 2026,ms,16.4,,,,,
HND,Honduras,Lower-middle income,other,,13.1,0.06644509940815269,-0.02447518031324905,H2 2025 to Q1 2026,ms,14.0,,,,,
HRV,Croatia,High income,other,,23.7,0.0964602661875622,0.0036754881381697857,H2 2025 to Q1 2026,ms,26.1,,,,,
HTI,Haiti,Lower-middle income,other,,7.6,0.11191791620398561,0.00437205318182983,H2 2025 to Q1 2026,ms,8.5,,,,,
HUN,Hungary,High income,other,,29.8,0.07745805903900393,-0.0048337318722116995,H2 2025 to Q1 2026,ms,32.2,,,,,
IDN,Indonesia,Upper-middle income,C1,,12.7,0.1045728039195768,0.006445086621372914,H2 2025 to Q1 2026,ms,14.1,,,,,
IND,India,Lower-middle income,C1,,15.7,0.11423818968984412,0.033204087976916805,H2 2025 to Q1 2026,ms,17.6,,,,,
IRL,Ireland,High income,other,,44.6,0.08176595469656744,-0.0005457459659882202,H2 2025 to Q1 2026,ms,48.4,,,,,
IRN,"Iran, Islamic Rep.",Upper-middle income,other,,10.7,0.16345307248957175,0.05934487579312438,H2 2025 to Q1 2026,ms,12.6,,,,,
IRQ,Iraq,Upper-middle income,other,,11.2,0.10981486600720691,0.004983782801556008,H2 2025 to Q1 2026,ms,12.5,,,,,
ISR,Israel,High income,other,,36.1,0.05392141679382023,-0.03152657533632666,H2 2025 to Q1 2026,ms,38.1,,,,,
ITA,Italy,High income,other,,27.8,0.08280590368423235,-0.009890305197079813,H2 2025 to Q1 2026,ms,30.2,,,,,
JAM,Jamaica,Upper-middle income,other,,22.1,0.08247622182423875,0.002256976145941253,H2 2025 to Q1 2026,ms,24.0,,,,,
JOR,Jordan,Upper-middle income,other,,27.0,0.09531017980432477,0.028723974576993105,H2 2025 to Q1 2026,ms,29.7,,,,,
JPN,Japan,High income,other,,19.1,0.1638269741577898,0.05648147314371389,H2 2025 to Q1 2026,ms,22.5,,,,,
KAZ,Kazakhstan,Upper-middle income,other,,13.7,0.1489232763921069,0.04101965511466446,H2 2025 to Q1 2026,ms,15.9,,,,,
KEN,Kenya,Lower-middle income,other,,8.1,0.07145896398214457,-0.03458013559816908,H2 2025 to Q1 2026,ms,8.7,,,,,
KGZ,Kyrgyz Republic,Lower-middle income,other,,8.2,0.14715764433628786,0.038466141129454914,H2 2025 to Q1 2026,ms,9.5,,,,,
KHM,Cambodia,Lower-middle income,C2,,5.1,0.11122563511022454,-0.017311962455341917,H2 2025 to Q1 2026,ms,5.7,,,,,
KOR,"Korea, Rep.",High income,other,,30.7,0.18935431502023814,0.1022370779512303,H2 2025 to Q1 2026,ms,37.1,,,,,
KWT,Kuwait,High income,other,,19.1,0.09958470542943632,-0.008678114446076288,H2 2025 to Q1 2026,ms,21.1,,,,,
LAO,Lao PDR,Lower-middle income,C2,,6.7,0.15201620729862575,0.03825470248192357,H2 2025 to Q1 2026,ms,7.8,,,,,
LBN,Lebanon,Lower-middle income,other,,25.7,0.06039571028974011,-0.0031439068303019124,H2 2025 to Q1 2026,ms,27.3,,,,,
LBY,Libya,Upper-middle income,other,,13.7,0.09065436826813089,-0.00884227768060239,H2 2025 to Q1 2026,ms,15.0,,,,,
LKA,Sri Lanka,Upper-middle income,C2,,6.6,0.10080469912196577,-0.02379315263999969,H2 2025 to Q1 2026,ms,7.3,,,,,
LSO,Lesotho,Lower-middle income,other,,9.1,0.07410797215372211,-0.01988613790971705,H2 2025 to Q1 2026,ms,9.8,,,,,
LTU,Lithuania,High income,other,,22.4,0.08141539148550869,-0.016182007260610087,H2 2025 to Q1 2026,ms,24.3,,,,,
MAR,Morocco,Lower-middle income,other,,10.9,0.07082605256861241,-0.03165218031458851,H2 2025 to Q1 2026,ms,11.7,,,,,
MDA,Moldova,Upper-middle income,other,,17.0,0.08455738802806279,-0.007188858701843492,H2 2025 to Q1 2026,ms,18.5,,,,,
MEX,Mexico,Upper-middle income,other,,17.8,0.12152135776699069,0.024698826850112765,H2 2025 to Q1 2026,ms,20.1,,,,,
MMR,Myanmar,Lower-middle income,C2,,9.1,0.09431067947124161,-8.808036916085893e-05,H2 2025 to Q1 2026,ms,10.0,,,,,
MNG,Mongolia,Upper-middle income,other,,14.3,0.15514918215684803,0.059501389090823864,H2 2025 to Q1 2026,ms,16.7,,,,,
MYS,Malaysia,Upper-middle income,C2,,19.7,0.1012913340511008,0.010118863064314226,H2 2025 to Q1 2026,ms,21.8,,,,,
NAM,Namibia,Lower-middle income,other,,13.8,0.09002615165771966,-0.002415269791903915,H2 2025 to Q1 2026,ms,15.1,,,,,
NIC,Nicaragua,Lower-middle income,other,,10.7,0.09785579000375888,0.00018519169397303303,H2 2025 to Q1 2026,ms,11.8,,,,,
NLD,Netherlands,High income,other,,38.9,0.07905349006393525,-0.0058484765300662045,H2 2025 to Q1 2026,ms,42.1,,,,,
NOR,Norway,High income,other,,46.4,0.0463240716742388,-0.03573284089064163,H2 2025 to Q1 2026,ms,48.6,,,,,
NPL,Nepal,Lower-middle income,C2,,13.0,0.08829260714567821,0.006696670647450817,H2 2025 to Q1 2026,ms,14.2,,,,,
NZL,New Zealand,High income,other,,40.5,0.0598981415810691,-0.0182360869588174,H2 2025 to Q1 2026,ms,43.0,,,,,
OMN,Oman,High income,other,,24.2,0.09079209982953573,0.002332042673582946,H2 2025 to Q1 2026,ms,26.5,,,,,
PAK,Pakistan,Lower-middle income,C2,,10.3,0.1014694601648598,0.010628066380933776,H2 2025 to Q1 2026,ms,11.4,,,,,
PAN,Panama,High income,other,,21.5,0.08040042543803771,-0.01280395319539665,H2 2025 to Q1 2026,ms,23.3,,,,,
PER,Peru,Upper-middle income,other,,14.7,0.10943384104546228,0.01093359409746672,H2 2025 to Q1 2026,ms,16.4,,,,,
PHL,Philippines,Upper-middle income,C2,,18.3,0.09381875521765481,0.011851787752473072,H2 2025 to Q1 2026,ms,20.1,,,,,
PNG,Papua New Guinea,Lower-middle income,other,,7.3,0.05334598070529273,-0.06067812805053781,H2 2025 to Q1 2026,ms,7.7,,,,,
POL,Poland,High income,other,,28.5,0.0840831172105414,-0.000984944210844968,H2 2025 to Q1 2026,ms,31.0,,,,,
PRT,Portugal,High income,other,,24.2,0.08701137698962969,-0.007069310304895521,H2 2025 to Q1 2026,ms,26.4,,,,,
PRY,Paraguay,Upper-middle income,other,,11.0,0.10354067894084018,-0.004298856689699079,H2 2025 to Q1 2026,ms,12.2,,,,,
QAT,Qatar,High income,other,,38.3,0.08744644334411023,0.000818760538769947,H2 2025 to Q1 2026,ms,41.8,,,,,
ROU,Romania,High income,other,,16.2,0.07718963869113038,-0.028686753832276674,H2 2025 to Q1 2026,ms,17.5,,,,,
RUS,Russian Federation,High income,other,,8.0,0.17185025692665956,0.039227244497353514,H2 2025 to Q1 2026,ms,9.5,,,,,
RWA,Rwanda,Low income,other,,6.3,0.13353139262452274,0.02539471468343167,H2 2025 to Q1 2026,ms,7.2,,,,,
SAU,Saudi Arabia,High income,other,,26.2,0.11523526357758485,0.022058846264979726,H2 2025 to Q1 2026,ms,29.4,,,,,
SEN,Senegal,Lower-middle income,other,,12.9,0.07466152876901955,-0.008911801018761184,H2 2025 to Q1 2026,ms,13.9,,,,,
SGP,Singapore,High income,other,,60.9,0.040230686727328546,-0.028036662079785696,H2 2025 to Q1 2026,ms,63.4,,,,,
SLV,El Salvador,Upper-middle income,other,,16.2,0.12188981760903728,0.03333126976571668,H2 2025 to Q1 2026,ms,18.3,,,,,
SRB,Serbia,Upper-middle income,other,,21.5,0.11415890536299234,0.02556459345739842,H2 2025 to Q1 2026,ms,24.1,,,,,
SVK,Slovak Republic,High income,other,,23.8,0.09224973365121869,-0.0008904763028273199,H2 2025 to Q1 2026,ms,26.1,,,,,
SVN,Slovenia,High income,other,,26.5,0.09015109699429757,-0.0023417815534850506,H2 2025 to Q1 2026,ms,29.0,,,,,
SWE,Sweden,High income,other,,33.3,0.08073546835243706,-0.00963553390079297,H2 2025 to Q1 2026,ms,36.1,,,,,
SYR,Syrian Arab Republic,Low income,other,,7.1,0.05480823649499489,-0.04211519480244995,H2 2025 to Q1 2026,ms,7.5,,,,,
THA,Thailand,Upper-middle income,C2,,10.7,0.14745273114313084,0.0367293397753589,H2 2025 to Q1 2026,ms,12.4,,,,,
TUN,Tunisia,Lower-middle income,other,,12.7,0.06108769197983799,-0.03474481800884224,H2 2025 to Q1 2026,ms,13.5,,,,,
TUR,Turkiye,Upper-middle income,other,,14.6,0.1754486775061923,0.06798901709399292,H2 2025 to Q1 2026,ms,17.4,,,,,
UKR,Ukraine,Upper-middle income,other,,9.0,0.04348511193973881,-0.07017152249232715,H2 2025 to Q1 2026,ms,9.4,,,,,
URY,Uruguay,High income,other,,22.5,0.08923113372794278,-0.00503712914166346,H2 2025 to Q1 2026,ms,24.6,,,,,
USA,United States,High income,other,,28.3,0.10075629289691568,-0.0010082173221657165,H2 2025 to Q1 2026,ms,31.3,,,,,
UZB,Uzbekistan,Lower-middle income,other,,6.3,0.13353139262452274,0.010134970893214565,H2 2025 to Q1 2026,ms,7.2,,,,,
VNM,Viet Nam,Upper-middle income,C2,,23.5,0.12014431184206309,0.04843253193297986,H2 2025 to Q1 2026,ms,26.5,,,,,
ZAF,South Africa,Upper-middle income,other,,21.1,0.09055957704572704,0.011236547473004704,H2 2025 to Q1 2026,ms,23.1,,,,,
ZMB,Zambia,Lower-middle income,other,,12.3,0.06301296782873367,-0.017389562047718382,H2 2025 to Q1 2026,ms,13.1,,,,,
ZWE,Zimbabwe,Lower-middle income,other,,7.6,0.11191791620398561,0.0006875138127531571,H2 2025 to Q1 2026,ms,8.5,,,,,
ALB,Albania,Upper-middle income,other,,,0.03713954694945709,-0.0037343826033100005,Q1 2026 to Q2 2026,ms,18.5,19.2,,,,
ARE,United Arab Emirates,High income,other,,,0.0446378148520612,0.009145573155478481,Q1 2026 to Q2 2026,ms,70.1,73.3,,,,
ARG,Argentina,Upper-middle income,other,,,0.06624938554120074,0.025995720153403713,Q1 2026 to Q2 2026,ms,21.9,23.4,,,,
ARM,Armenia,Upper-middle income,other,,,0.039740328649513934,-0.008947640972280048,Q1 2026 to Q2 2026,ms,7.4,7.7,,,,
AUS,Australia,High income,other,,,0.02992742054147346,-0.012777793976221828,Q1 2026 to Q2 2026,ms,39.5,40.7,,,,
AUT,Austria,High income,other,,,0.03741443585025772,-0.0064641493703710765,Q1 2026 to Q2 2026,ms,34.1,35.4,,,,
AZE,Azerbaijan,Upper-middle income,other,,,0.05495888428075757,0.016492115549953744,Q1 2026 to Q2 2026,ms,17.7,18.7,,,,
BEL,Belgium,High income,other,,,0.03278982282299081,-0.00961355153620927,Q1 2026 to Q2 2026,ms,39.0,40.3,,,,
BGD,Bangladesh,Lower-middle income,C2,,,0.02531780798428951,-0.016118836291410872,Q1 2026 to Q2 2026,ms,7.8,8.0,,,,
BGR,Bulgaria,High income,other,,,0.033115608784497486,-0.005103136063528746,Q1 2026 to Q2 2026,ms,29.7,30.7,,,,
BIH,Bosnia and Herzegovina,Upper-middle income,other,,,0.04857467014855743,0.010665872368473488,Q1 2026 to Q2 2026,ms,22.1,23.2,,,,
BLR,Belarus,Upper-middle income,other,,,0.07038079676179931,0.024301863978289706,Q1 2026 to Q2 2026,ms,9.6,10.3,,,,
BOL,Bolivia,Lower-middle income,other,,,0.04616204176316252,0.00721254402555184,Q1 2026 to Q2 2026,ms,12.7,13.3,,,,
BRA,Brazil,Upper-middle income,other,,,0.055994269354574744,0.016227421302443083,Q1 2026 to Q2 2026,ms,19.1,20.2,,,,
BWA,Botswana,Upper-middle income,other,,,0.013423020332140823,-0.02692243105570051,Q1 2026 to Q2 2026,ms,14.8,15.0,,,,
CAN,Canada,High income,other,,,0.031664914643969144,-0.010892092217568893,Q1 2026 to Q2 2026,ms,37.3,38.5,,,,
CHE,Switzerland,High income,other,,,0.033813364365777865,-0.012497028240164479,Q1 2026 to Q2 2026,ms,37.8,39.1,,,,
CHL,Chile,High income,other,,,0.05568890586058872,0.014957617023475533,Q1 2026 to Q2 2026,ms,22.7,24.0,,,,
CHN,China,Upper-middle income,other,,,0.06491954609931572,0.021836414705734053,Q1 2026 to Q2 2026,ms,16.4,17.5,,,,
CIV,Cote d'Ivoire,Lower-middle income,other,,,0.04478360262697345,0.008846129979632897,Q1 2026 to Q2 2026,ms,13.1,13.7,,,,
COL,Colombia,Upper-middle income,other,,,0.05556985115481039,0.020062714534077757,Q1 2026 to Q2 2026,ms,24.5,25.9,,,,
CRI,Costa Rica,High income,other,,,0.04124295853404902,0.002547893115794668,Q1 2026 to Q2 2026,ms,28.5,29.7,,,,
CZE,Czechia,High income,other,,,0.03589292306060665,-0.005768525821602595,Q1 2026 to Q2 2026,ms,30.1,31.2,,,,
DEU,Germany,High income,other,,,0.0378594110434225,-0.0069584832217978385,Q1 2026 to Q2 2026,ms,31.1,32.3,,,,
DNK,Denmark,High income,other,,,0.03774032798284699,-0.008486762365170514,Q1 2026 to Q2 2026,ms,31.2,32.4,,,,
DOM,Dominican Republic,Upper-middle income,other,,,0.03953083875663532,0.0024330660379927455,Q1 2026 to Q2 2026,ms,24.8,25.8,,,,
DZA,Algeria,Upper-middle income,other,,,0.04445176257083405,0.004276151150885685,Q1 2026 to Q2 2026,ms,13.2,13.8,,,,
ECU,Ecuador,Upper-middle income,other,,,0.040206420478040794,0.0031266104140226444,Q1 2026 to Q2 2026,ms,19.5,20.3,,,,
EGY,"Egypt, Arab Rep.",Lower-middle income,other,,,0.04621284315513163,0.010616128888057672,Q1 2026 to Q2 2026,ms,14.8,15.5,,,,
ESP,Spain,High income,other,,,0.02015745742498032,-0.018210606874953433,Q1 2026 to Q2 2026,ms,44.2,45.1,,,,
FIN,Finland,High income,other,,,0.03660974561256092,-0.008257844090673191,Q1 2026 to Q2 2026,ms,29.5,30.6,,,,
FRA,France,High income,other,,,0.03696519423347189,-0.002158265944057769,Q1 2026 to Q2 2026,ms,47.8,49.6,,,,
GAB,Gabon,Upper-middle income,other,,,0.04561051125205218,0.0048790904332334795,Q1 2026 to Q2 2026,ms,15.0,15.7,,,,
GBR,United Kingdom,High income,other,,,0.034927881059578336,-0.006153957504592467,Q1 2026 to Q2 2026,ms,42.2,43.7,,,,
GEO,Georgia,Upper-middle income,other,,,0.05226842854575686,0.014163389299515869,Q1 2026 to Q2 2026,ms,20.5,21.6,,,,
GMB,"Gambia, The",Low income,other,,,0.008733679968754515,-0.022291000890476045,Q1 2026 to Q2 2026,ms,11.4,11.5,,,,
GRC,Greece,High income,other,,,0.03309994842634456,-0.010871976897694438,Q1 2026 to Q2 2026,ms,20.8,21.5,,,,
GTM,Guatemala,Upper-middle income,other,,,0.05342516667358055,0.015014896492942131,Q1 2026 to Q2 2026,ms,16.4,17.3,,,,
HND,Honduras,Lower-middle income,other,,,0.03509131981127034,-0.0010992696135264102,Q1 2026 to Q2 2026,ms,14.0,14.5,,,,
HRV,Croatia,High income,other,,,0.0412816589733036,-0.00033709646937032933,Q1 2026 to Q2 2026,ms,26.1,27.2,,,,
HTI,Haiti,Lower-middle income,other,,,0.045985113241823417,0.0074451835977619035,Q1 2026 to Q2 2026,ms,8.5,8.9,,,,
HUN,Hungary,High income,other,,,0.033590944436035386,-0.005494170636385097,Q1 2026 to Q2 2026,ms,32.2,33.3,,,,
IDN,Indonesia,Upper-middle income,C1,,,0.04845238338594671,0.00973396492381326,Q1 2026 to Q2 2026,ms,14.1,14.8,,,,
IND,India,Lower-middle income,C1,,,0.04987183004017259,0.017037546885138248,Q1 2026 to Q2 2026,ms,17.6,18.5,,,,
IRL,Ireland,High income,other,,,0.030521189034887097,-0.011872012483239852,Q1 2026 to Q2 2026,ms,48.4,49.9,,,,
IRN,"Iran, Islamic Rep.",Upper-middle income,other,,,0.015748356968139365,-0.02357743977204447,Q1 2026 to Q2 2026,ms,12.6,12.8,,,,
IRQ,Iraq,Upper-middle income,other,,,0.03922071315328113,-0.0013588774278562449,Q1 2026 to Q2 2026,ms,12.5,13.0,,,,
ISR,Israel,High income,other,,,0.01562531790308075,-0.026686951973751018,Q1 2026 to Q2 2026,ms,38.1,38.7,,,,
ITA,Italy,High income,other,,,0.038965968533383855,-0.004078507677932157,Q1 2026 to Q2 2026,ms,30.2,31.4,,,,
JAM,Jamaica,Upper-middle income,other,,,0.04082199452025481,0.00518245526776482,Q1 2026 to Q2 2026,ms,24.0,25.0,,,,
JOR,Jordan,Upper-middle income,other,,,0.0492710490067827,0.018119371958621608,Q1 2026 to Q2 2026,ms,29.7,31.2,,,,
JPN,Japan,High income,other,,,0.09328793442355732,0.047732203295534584,Q1 2026 to Q2 2026,ms,22.5,24.7,,,,
KAZ,Kazakhstan,Upper-middle income,other,,,0.06099451270284151,0.017793714661097415,Q1 2026 to Q2 2026,ms,15.9,16.9,,,,
KEN,Kenya,Lower-middle income,other,,,0.022728251077556383,-0.016094663734745454,Q1 2026 to Q2 2026,ms,8.7,8.9,,,,
KGZ,Kyrgyz Republic,Lower-middle income,other,,,0.05129329438755059,0.01198303553006494,Q1 2026 to Q2 2026,ms,9.5,10.0,,,,
KHM,Cambodia,Lower-middle income,C2,,,0.06782259633876087,0.02332106068614273,Q1 2026 to Q2 2026,ms,5.7,6.1,,,,
KOR,"Korea, Rep.",High income,other,,,0.09015109699429757,0.04985005534953079,Q1 2026 to Q2 2026,ms,37.1,40.6,,,,
KWT,Kuwait,High income,other,,,0.06867686579621957,0.02205035647652591,Q1 2026 to Q2 2026,ms,21.1,22.6,,,,
LAO,Lao PDR,Lower-middle income,C2,,,0.07410797215372167,0.03428636285015839,Q1 2026 to Q2 2026,ms,7.8,8.4,,,,
LBN,Lebanon,Lower-middle income,other,,,0.014545711002378336,-0.015214399942934782,Q1 2026 to Q2 2026,ms,27.3,27.7,,,,
LBY,Libya,Upper-middle income,other,,,0.03278982282299081,-0.007305490094748568,Q1 2026 to Q2 2026,ms,15.0,15.5,,,,
LKA,Sri Lanka,Upper-middle income,C2,,,0.04027389913793966,-0.004735448434105616,Q1 2026 to Q2 2026,ms,7.3,7.6,,,,
LSO,Lesotho,Lower-middle income,other,,,0.010152371464017929,-0.024293634788143004,Q1 2026 to Q2 2026,ms,9.8,9.9,,,,
LTU,Lithuania,High income,other,,,0.03239149579123568,-0.011038953390705056,Q1 2026 to Q2 2026,ms,24.3,25.1,,,,
MAR,Morocco,Lower-middle income,other,,,0.025317807984289953,-0.014402630088357925,Q1 2026 to Q2 2026,ms,11.7,12.0,,,,
MDA,Moldova,Upper-middle income,other,,,0.03191760296830548,-0.006610843660339878,Q1 2026 to Q2 2026,ms,18.5,19.1,,,,
MEX,Mexico,Upper-middle income,other,,,0.06267110696277545,0.02190461115075741,Q1 2026 to Q2 2026,ms,20.1,21.4,,,,
MMR,Myanmar,Lower-middle income,C2,,,0.03922071315328113,0.004805600946381036,Q1 2026 to Q2 2026,ms,10.0,10.4,,,,
MNG,Mongolia,Upper-middle income,other,,,0.06939199342399949,0.03130814348797608,Q1 2026 to Q2 2026,ms,16.7,17.9,,,,
MYS,Malaysia,Upper-middle income,C2,,,0.03603993648319692,-0.0032842849949140107,Q1 2026 to Q2 2026,ms,21.8,22.6,,,,
NAM,Namibia,Lower-middle income,other,,,0.01967276559870479,-0.01737626200577777,Q1 2026 to Q2 2026,ms,15.1,15.4,,,,
NIC,Nicaragua,Lower-middle income,other,,,0.05762911283663641,0.020463840756446243,Q1 2026 to Q2 2026,ms,11.8,12.5,,,,
NLD,Netherlands,High income,other,,,0.03271319740630263,-0.009717091164727555,Q1 2026 to Q2 2026,ms,42.1,43.5,,,,
NOR,Norway,High income,other,,,0.016326893287428756,-0.0266494349270004,Q1 2026 to Q2 2026,ms,48.6,49.4,,,,
NPL,Nepal,Lower-middle income,C2,,,0.027779564107075938,-0.004006621543139625,Q1 2026 to Q2 2026,ms,14.2,14.6,,,,
NZL,New Zealand,High income,other,,,0.025259666759237742,-0.014717224052461293,Q1 2026 to Q2 2026,ms,43.0,44.1,,,,
OMN,Oman,High income,other,,,0.040671039730928005,0.0007286619643990105,Q1 2026 to Q2 2026,ms,26.5,27.6,,,,
PAK,Pakistan,Lower-middle income,C2,,,0.042925044717033956,0.009126579820277439,Q1 2026 to Q2 2026,ms,11.4,11.9,,,,
PAN,Panama,High income,other,,,0.03789927259098613,-0.0032632019216722596,Q1 2026 to Q2 2026,ms,23.3,24.2,,,,
PER,Peru,Upper-middle income,other,,,0.05342516667358055,0.013379946403743223,Q1 2026 to Q2 2026,ms,16.4,17.3,,,,
PHL,Philippines,Upper-middle income,C2,,,0.029413885206293067,-0.005314543609654068,Q1 2026 to Q2 2026,ms,20.1,20.7,,,,
PNG,Papua New Guinea,Lower-middle income,other,,,-0.013072081567353067,-0.05474376510567397,Q1 2026 to Q2 2026,ms,7.7,7.6,,,,
POL,Poland,High income,other,,,0.0410800257434647,0.0012084720818262493,Q1 2026 to Q2 2026,ms,31.0,32.3,,,,
PRT,Portugal,High income,other,,,0.03717900324175405,-0.005282667946534446,Q1 2026 to Q2 2026,ms,26.4,27.4,,,,
PRY,Paraguay,Upper-middle income,other,,,0.03226086221822122,-0.009561822913588341,Q1 2026 to Q2 2026,ms,12.2,12.6,,,,
QAT,Qatar,High income,other,,,0.03986459856392788,-0.0031112394941780544,Q1 2026 to Q2 2026,ms,41.8,43.5,,,,
ROU,Romania,High income,other,,,0.028170876966695957,-0.016269124903691146,Q1 2026 to Q2 2026,ms,17.5,18.0,,,,
RUS,Russian Federation,High income,other,,,0.04124295853404902,-0.00816628722798042,Q1 2026 to Q2 2026,ms,9.5,9.9,,,,
RWA,Rwanda,Low income,other,,,0.05406722127027552,0.017046427678213683,Q1 2026 to Q2 2026,ms,7.2,7.6,,,,
SAU,Saudi Arabia,High income,other,,,0.06581321856957167,0.023384635178408282,Q1 2026 to Q2 2026,ms,29.4,31.4,,,,
SEN,Senegal,Lower-middle income,other,,,0.03533936644530877,0.002603380951030118,Q1 2026 to Q2 2026,ms,13.9,14.4,,,,
SGP,Singapore,High income,other,,,0.014095769800394287,-0.02511425252658992,Q1 2026 to Q2 2026,ms,63.4,64.3,,,,
SLV,El Salvador,Upper-middle income,other,,,0.09381875521765481,0.057483651990297494,Q1 2026 to Q2 2026,ms,18.3,20.1,,,,
SRB,Serbia,Upper-middle income,other,,,0.04859255523686512,0.009814249191454814,Q1 2026 to Q2 2026,ms,24.1,25.3,,,,
SVK,Slovak Republic,High income,other,,,0.037598413557007326,-0.004255745383949253,Q1 2026 to Q2 2026,ms,26.1,27.1,,,,
SVN,Slovenia,High income,other,,,0.037229341768355795,-0.005252102044907135,Q1 2026 to Q2 2026,ms,29.0,30.1,,,,
SWE,Sweden,High income,other,,,0.032700461310934514,-0.010836553921161,Q1 2026 to Q2 2026,ms,36.1,37.3,,,,
SYR,Syrian Arab Republic,Low income,other,,,-0.013423020332140378,-0.04730350917349295,Q1 2026 to Q2 2026,ms,7.5,7.4,,,,
THA,Thailand,Upper-middle income,C2,,,0.0775582343458745,0.03514761033024554,Q1 2026 to Q2 2026,ms,12.4,13.4,,,,
TUN,Tunisia,Lower-middle income,other,,,0.029199154692262308,-0.00895732423564602,Q1 2026 to Q2 2026,ms,13.5,13.9,,,,
TUR,Turkiye,Upper-middle income,other,,,0.08269171584511348,0.039434159123756696,Q1 2026 to Q2 2026,ms,17.4,18.9,,,,
UKR,Ukraine,Upper-middle income,other,,,0.010582109330536937,-0.0327658043902521,Q1 2026 to Q2 2026,ms,9.4,9.5,,,,
URY,Uruguay,High income,other,,,0.04374454896285718,0.001827165200544309,Q1 2026 to Q2 2026,ms,24.6,25.7,,,,
USA,United States,High income,other,,,0.05288946392037275,0.005881873354114997,Q1 2026 to Q2 2026,ms,31.3,33.0,,,,
UZB,Uzbekistan,Lower-middle income,other,,,0.05406722127027552,0.010313079617668933,Q1 2026 to Q2 2026,ms,7.2,7.6,,,,
VNM,Viet Nam,Upper-middle income,C2,,,0.05148195583514337,0.01947745910760343,Q1 2026 to Q2 2026,ms,26.5,27.9,,,,
ZAF,South Africa,Upper-middle income,other,,,0.03404584140971734,-0.0007304362788982041,Q1 2026 to Q2 2026,ms,23.1,23.9,,,,
ZMB,Zambia,Lower-middle income,other,,,0.015151805020602538,-0.01591084981207639,Q1 2026 to Q2 2026,ms,13.1,13.3,,,,
ZWE,Zimbabwe,Lower-middle income,other,,,0.045985113241823417,0.005819383954213615,Q1 2026 to Q2 2026,ms,8.5,8.9,,,,
AGO,Angola,Lower-middle income,other,,,0.10304256307497406,-0.09928362770465904,Aug 2025 to Nov 2025,aui,,,0.054119,0.059993,,
ALB,Albania,Upper-middle income,other,,,-0.1218679743255726,-0.13447934774167308,Aug 2025 to Nov 2025,aui,,,0.93595,0.828564,,
AND,Andorra,High income,other,,,0.5551928387676608,0.5321490059427204,Aug 2025 to Nov 2025,aui,,,3.076659,5.360392,,
ARE,United Arab Emirates,High income,other,,,0.249913108644428,0.1481050541979106,Aug 2025 to Nov 2025,aui,,,1.533201,1.968498,,
ARG,Argentina,Upper-middle income,other,,,-0.017477251856228573,-0.05050766033128791,Aug 2025 to Nov 2025,aui,,,0.930483,0.914362,,
ARM,Armenia,Upper-middle income,other,,,-0.4327643259156747,-0.33703106040462805,Aug 2025 to Nov 2025,aui,,,1.828948,1.186463,,
AUS,Australia,High income,other,,,-0.19571123807213708,-0.18363865892418685,Aug 2025 to Nov 2025,aui,,,4.866381,4.00138,,
AUT,Austria,High income,other,,,0.15060649481939403,0.06274419009962609,Aug 2025 to Nov 2025,aui,,,1.977155,2.29852,,
AZE,Azerbaijan,Upper-middle income,other,,,0.14677186342604065,0.05406767603936172,Aug 2025 to Nov 2025,aui,,,0.309862,0.358848,,
BDI,Burundi,Low income,other,,,-0.7146750044421379,-0.7130603189899558,Aug 2025 to Nov 2025,aui,,,0.036201,0.017715,,
BEL,Belgium,High income,other,,,0.18475303239544472,0.11138121534297699,Aug 2025 to Nov 2025,aui,,,2.20859,2.65676,,
BEN,Benin,Lower-middle income,other,,,0.012510509666525005,0.07057816873093048,Aug 2025 to Nov 2025,aui,,,0.299545,0.303316,,
BFA,Burkina Faso,Low income,other,,,0.22675240321769774,0.19921204882387095,Aug 2025 to Nov 2025,aui,,,0.094928,0.119089,,
BGD,Bangladesh,Lower-middle income,C2,,,-0.13425818574928883,-0.230233220575605,Aug 2025 to Nov 2025,aui,,,0.132725,0.11605,,
BGR,Bulgaria,High income,other,,,-0.06597044816432845,-0.04548366764313928,Aug 2025 to Nov 2025,aui,,,1.731821,1.621259,,
BHR,Bahrain,High income,other,,,0.20458615038032665,0.09142235820567428,Aug 2025 to Nov 2025,aui,,,0.843042,1.034427,,
BHS,"Bahamas, The",High income,other,,,0.15592012627025156,0.0021524293436147868,Aug 2025 to Nov 2025,aui,,,0.741545,0.866668,,
BIH,Bosnia and Herzegovina,Upper-middle income,other,,,-0.07938566719043161,-0.09096057062984234,Aug 2025 to Nov 2025,aui,,,0.799409,0.738401,,
BLZ,Belize,Upper-middle income,other,,,-0.14550112093350975,-0.16155802120604662,Aug 2025 to Nov 2025,aui,,,0.605881,0.523838,,
BMU,Bermuda,High income,other,,,-0.4272797564035111,-0.544914072461081,Aug 2025 to Nov 2025,aui,,,3.156555,2.058961,,
BOL,Bolivia,Lower-middle income,other,,,0.41282951722128436,0.44448726598695404,Aug 2025 to Nov 2025,aui,,,0.574256,0.867751,,
BRA,Brazil,Upper-middle income,other,,,-0.2555599041795411,-0.23572421109281858,Aug 2025 to Nov 2025,aui,,,1.098723,0.850942,,
BRB,Barbados,High income,other,,,0.24689140490287587,0.2102908243961431,Aug 2025 to Nov 2025,aui,,,1.532202,1.96128,,
BRN,Brunei Darussalam,High income,C2,,,0.32735500137348783,0.1930520011172938,Aug 2025 to Nov 2025,aui,,,0.829254,1.150419,,
BTN,Bhutan,Lower-middle income,C2,,,0.060115066023949115,0.07196524940924483,Aug 2025 to Nov 2025,aui,,,0.474929,0.504355,,
BWA,Botswana,Upper-middle income,other,,,0.4810851130259559,0.3817509289479677,Aug 2025 to Nov 2025,aui,,,0.293926,0.475522,,
CAN,Canada,High income,other,,,0.10789454681411903,0.09267447156473876,Aug 2025 to Nov 2025,aui,,,3.457018,3.850877,,
CHE,Switzerland,High income,other,,,0.16305942557051556,0.07568811063274944,Aug 2025 to Nov 2025,aui,,,3.337605,3.928717,,
CHL,Chile,High income,other,,,-0.07907326192303549,-0.0810158028080567,Aug 2025 to Nov 2025,aui,,,1.374432,1.269937,,
CIV,Cote d'Ivoire,Lower-middle income,other,,,0.19042168094683865,0.1647006222150239,Aug 2025 to Nov 2025,aui,,,0.236628,0.286263,,
CMR,Cameroon,Lower-middle income,other,,,0.0882620679919448,0.11548025427543365,Aug 2025 to Nov 2025,aui,,,0.262424,0.286639,,
COG,"Congo, Rep.",Lower-middle income,other,,,0.205296281906848,0.14783683142039694,Aug 2025 to Nov 2025,aui,,,0.152355,0.187075,,
COL,Colombia,Upper-middle income,other,,,0.10205647869455223,0.13742492148105448,Aug 2025 to Nov 2025,aui,,,0.977207,1.082204,,
CPV,Cabo Verde,Upper-middle income,other,,,0.1133600253552346,0.10787348726046028,Aug 2025 to Nov 2025,aui,,,0.5128,0.574354,,
CRI,Costa Rica,High income,other,,,-0.12541122506257485,-0.11833246607293402,Aug 2025 to Nov 2025,aui,,,1.556667,1.373189,,
CUW,Curacao,High income,other,,,-0.07588172682955799,-0.11902601843405236,Aug 2025 to Nov 2025,aui,,,1.238933,1.148399,,
CYM,Cayman Islands,High income,other,,,0.290376589402805,0.21492225464912273,Aug 2025 to Nov 2025,aui,,,2.857791,3.820669,,
CYP,Cyprus,High income,other,,,-0.07499923814846776,-0.06828346803500719,Aug 2025 to Nov 2025,aui,,,2.835952,2.631038,,
CZE,Czechia,High income,other,,,-0.07429265636187132,-0.09767648699346447,Aug 2025 to Nov 2025,aui,,,2.030264,1.884897,,
DEU,Germany,High income,other,,,0.005038027133555056,-0.07119987906540509,Aug 2025 to Nov 2025,aui,,,2.177305,2.188302,,
DJI,Djibouti,Lower-middle income,other,,,0.8630733375917774,0.7252524612088949,Aug 2025 to Nov 2025,aui,,,0.123868,0.293621,,
DNK,Denmark,High income,other,,,-0.06354248689913322,-0.13803255286907218,Aug 2025 to Nov 2025,aui,,,2.737431,2.568899,,
DOM,Dominican Republic,Upper-middle income,other,,,0.2746012406409676,0.23844114265745592,Aug 2025 to Nov 2025,aui,,,0.686826,0.903867,,
DZA,Algeria,Upper-middle income,other,,,0.32060042246169795,0.24797469545888742,Aug 2025 to Nov 2025,aui,,,0.301536,0.415503,,
ECU,Ecuador,Upper-middle income,other,,,0.12201576590962793,0.18891615505323978,Aug 2025 to Nov 2025,aui,,,1.135315,1.282647,,
EGY,"Egypt, Arab Rep.",Lower-middle income,other,,,0.018559688937524133,0.01714311169776439,Aug 2025 to Nov 2025,aui,,,0.333636,0.339886,,
ESP,Spain,High income,other,,,0.2822421896058557,0.21081982878047204,Aug 2025 to Nov 2025,aui,,,1.495683,1.983425,,
EST,Estonia,High income,other,,,0.012550532055047636,0.06138198534972075,Aug 2025 to Nov 2025,aui,,,3.684988,3.731528,,
FIN,Finland,High income,other,,,0.05963973827257296,-0.004452985217322208,Aug 2025 to Nov 2025,aui,,,2.241918,2.379693,,
FJI,Fiji,Upper-middle income,other,,,0.028915351521467847,-0.0069377746806291996,Aug 2025 to Nov 2025,aui,,,0.435007,0.447769,,
FRA,France,High income,other,,,0.3443199725565691,0.29650597020703007,Aug 2025 to Nov 2025,aui,,,2.306335,3.254308,,
GAB,Gabon,Upper-middle income,other,,,0.3805443236483267,0.29145573464402236,Aug 2025 to Nov 2025,aui,,,0.346635,0.507155,,
GBR,United Kingdom,High income,other,,,0.003193788408489606,-0.019099499960267496,Aug 2025 to Nov 2025,aui,,,3.162343,3.172459,,
GEO,Georgia,Upper-middle income,other,,,0.020726258711882717,0.15823048075292734,Aug 2025 to Nov 2025,aui,,,2.60021,2.654665,,
GHA,Ghana,Lower-middle income,other,,,-0.20638824789526844,-0.16080114233412632,Aug 2025 to Nov 2025,aui,,,0.413341,0.33626,,
GIN,Guinea,Lower-middle income,other,,,0.11767363245076057,-0.06169585974392755,Aug 2025 to Nov 2025,aui,,,0.042658,0.047985,,
GMB,"Gambia, The",Low income,other,,,-0.2920980417153556,-0.26893415194703596,Aug 2025 to Nov 2025,aui,,,0.139575,0.10422,,
GRC,Greece,High income,other,,,-0.028007471427735908,-0.05855505567334174,Aug 2025 to Nov 2025,aui,,,1.524391,1.482289,,
GTM,Guatemala,Upper-middle income,other,,,-0.327366930569274,-0.3656451289189146,Aug 2025 to Nov 2025,aui,,,0.433787,0.312682,,
GUY,Guyana,High income,other,,,0.3227905906934603,0.07432862445467356,Aug 2025 to Nov 2025,aui,,,0.264657,0.365485,,
HND,Honduras,Lower-middle income,other,,,-0.10135339886106576,-0.12369783568122372,Aug 2025 to Nov 2025,aui,,,0.28005,0.253057,,
HRV,Croatia,High income,other,,,-0.04872370012008803,-0.06757606179878425,Aug 2025 to Nov 2025,aui,,,1.683561,1.603498,,
HTI,Haiti,Lower-middle income,other,,,0.24935007712546442,0.13080275173454142,Aug 2025 to Nov 2025,aui,,,0.081362,0.104403,,
HUN,Hungary,High income,other,,,0.07076230082769668,0.010354202816579061,Aug 2025 to Nov 2025,aui,,,1.122043,1.204318,,
IDN,Indonesia,Upper-middle income,C1,,,0.32541062740452054,0.3066334624412284,Aug 2025 to Nov 2025,aui,,,0.424702,0.588042,,
IMN,Isle of Man,High income,other,,,-0.7463602095065186,-0.7999599444595835,Aug 2025 to Nov 2025,aui,,,3.624619,1.718392,,
IND,India,Lower-middle income,C1,,,-0.17587440086340567,-0.1664841174706632,Aug 2025 to Nov 2025,aui,,,0.316853,0.265752,,
IRL,Ireland,High income,other,,,0.0866323389609438,-0.002969319030363779,Aug 2025 to Nov 2025,aui,,,2.678559,2.920957,,
IRQ,Iraq,Upper-middle income,other,,,0.1254924575122579,0.10733218285096668,Aug 2025 to Nov 2025,aui,,,0.467561,0.530077,,
ISL,Iceland,High income,other,,,-0.06661919517959225,-0.13168977344361815,Aug 2025 to Nov 2025,aui,,,3.359328,3.142824,,
ISR,Israel,High income,other,,,-0.3275489994558316,-0.23905742145192824,Aug 2025 to Nov 2025,aui,,,8.309986,5.988907,,
ITA,Italy,High income,other,,,0.12290135655663703,0.05705202187522378,Aug 2025 to Nov 2025,aui,,,1.747029,1.975493,,
JAM,Jamaica,Upper-middle income,other,,,0.008397499336562031,0.002399183291328204,Aug 2025 to Nov 2025,aui,,,0.679485,0.685215,,
JOR,Jordan,Upper-middle income,other,,,-0.1762744451395558,-0.1689637528009656,Aug 2025 to Nov 2025,aui,,,0.542484,0.454812,,
JPN,Japan,High income,other,,,-0.12671027690120762,-0.1558108856617765,Aug 2025 to Nov 2025,aui,,,2.203021,1.940837,,
KAZ,Kazakhstan,Upper-middle income,other,,,0.3302771811068763,0.22790209873169437,Aug 2025 to Nov 2025,aui,,,0.488627,0.679853,,
KEN,Kenya,Lower-middle income,other,,,-0.03565574768436308,0.060436766268553516,Aug 2025 to Nov 2025,aui,,,0.544257,0.525193,,
KGZ,Kyrgyz Republic,Lower-middle income,other,,,0.4272648844462972,0.4207888797399778,Aug 2025 to Nov 2025,aui,,,0.280365,0.429816,,
KHM,Cambodia,Lower-middle income,C2,,,-0.25417921390538556,-0.2527826048186821,Aug 2025 to Nov 2025,aui,,,0.295134,0.228892,,
KOR,"Korea, Rep.",High income,other,,,-0.14629284783464347,-0.09216669797831908,Aug 2025 to Nov 2025,aui,,,4.420262,3.818685,,
KWT,Kuwait,High income,other,,,0.1133603052305231,-0.12377235673171391,Aug 2025 to Nov 2025,aui,,,0.399832,0.447826,,
LAO,Lao PDR,Lower-middle income,C2,,,-0.3414211764837114,-0.297566185367928,Aug 2025 to Nov 2025,aui,,,0.342414,0.243374,,
LBN,Lebanon,Lower-middle income,other,,,0.10150975636800519,0.2024973831942968,Aug 2025 to Nov 2025,aui,,,0.858755,0.950505,,
LBR,Liberia,Low income,other,,,0.2832682464489604,0.19948701822645765,Aug 2025 to Nov 2025,aui,,,0.051032,0.067743,,
LCA,St. Lucia,Upper-middle income,other,,,-0.5578075818131483,-0.5346501977907022,Aug 2025 to Nov 2025,aui,,,1.389486,0.795429,,
LKA,Sri Lanka,Upper-middle income,C2,,,-0.17808674004981428,-0.0656370885013246,Aug 2025 to Nov 2025,aui,,,1.195769,1.000703,,
LSO,Lesotho,Lower-middle income,other,,,-0.32287265380660557,-0.3063648451537841,Aug 2025 to Nov 2025,aui,,,0.173672,0.12575,,
LTU,Lithuania,High income,other,,,0.009828917159556583,0.020083927669022825,Aug 2025 to Nov 2025,aui,,,2.526986,2.551946,,
LUX,Luxembourg,High income,other,,,0.1432719205096924,0.06720608926426733,Aug 2025 to Nov 2025,aui,,,3.250892,3.751671,,
LVA,Latvia,High income,other,,,-0.06679335963980637,-0.03726221132505608,Aug 2025 to Nov 2025,aui,,,2.50624,2.344308,,
MAR,Morocco,Lower-middle income,other,,,0.05972863921411148,0.14219976904959675,Aug 2025 to Nov 2025,aui,,,0.873767,0.927546,,
MDA,Moldova,Upper-middle income,other,,,0.20194837727974269,0.2832049903253032,Aug 2025 to Nov 2025,aui,,,1.466422,1.794585,,
MDG,Madagascar,Low income,other,,,0.12114419780724939,0.19997888005198253,Aug 2025 to Nov 2025,aui,,,0.14468,0.163313,,
MDV,Maldives,Upper-middle income,C2,,,0.14160849073020532,0.19933754791678454,Aug 2025 to Nov 2025,aui,,,1.808428,2.083536,,
MEX,Mexico,Upper-middle income,other,,,0.11592610157783734,0.010070798713622708,Aug 2025 to Nov 2025,aui,,,0.4741,0.532373,,
MKD,North Macedonia,Upper-middle income,other,,,0.022484282747015916,0.07154220478244222,Aug 2025 to Nov 2025,aui,,,1.285459,1.314689,,
MLT,Malta,High income,other,,,-0.04406775862414203,-0.031446312493801476,Aug 2025 to Nov 2025,aui,,,3.357157,3.212427,,
MNE,Montenegro,Upper-middle income,other,,,-0.47984697140626686,-0.3916847995936369,Aug 2025 to Nov 2025,aui,,,2.527459,1.564189,,
MNG,Mongolia,Upper-middle income,other,,,-0.25173352171583074,-0.3074354075730764,Aug 2025 to Nov 2025,aui,,,0.366514,0.284947,,
MOZ,Mozambique,Low income,other,,,-0.21768177559979174,-0.17000501756294217,Aug 2025 to Nov 2025,aui,,,0.11275,0.090694,,
MRT,Mauritania,Lower-middle income,other,,,-0.019464298335432062,-0.11314357972523797,Aug 2025 to Nov 2025,aui,,,0.109047,0.106945,,
MUS,Mauritius,Upper-middle income,other,,,-0.03699924572899399,-0.00394806041965709,Aug 2025 to Nov 2025,aui,,,1.572221,1.515113,,
MWI,Malawi,Low income,other,,,-0.0465339330351231,-0.057114584091141785,Aug 2025 to Nov 2025,aui,,,0.071853,0.068586,,
MYS,Malaysia,Upper-middle income,C2,,,-0.09776817134970586,-0.1195048965683653,Aug 2025 to Nov 2025,aui,,,0.885916,0.803401,,
NAM,Namibia,Lower-middle income,other,,,-0.670021229092528,-0.664509376755234,Aug 2025 to Nov 2025,aui,,,0.452738,0.231665,,
NCL,New Caledonia,High income,other,,,0.03725004674427458,-0.05050838565330282,Aug 2025 to Nov 2025,aui,,,1.085962,1.127177,,
NER,Niger,Low income,other,,,-0.1239900624634771,-0.2887381667714147,Aug 2025 to Nov 2025,aui,,,0.023514,0.020772,,
NGA,Nigeria,Lower-middle income,other,,,0.10255345373454494,0.15078525719370722,Aug 2025 to Nov 2025,aui,,,0.239554,0.265425,,
NLD,Netherlands,High income,other,,,0.050295659746469434,0.00017810109467733537,Aug 2025 to Nov 2025,aui,,,3.03895,3.195705,,
NOR,Norway,High income,other,,,0.10121844007254055,0.0007966781778407789,Aug 2025 to Nov 2025,aui,,,2.681257,2.96686,,
NPL,Nepal,Lower-middle income,C2,,,-0.24263603627954367,-0.12219914573632149,Aug 2025 to Nov 2025,aui,,,0.500499,0.39267,,
NZL,New Zealand,High income,other,,,-0.23396215192119874,-0.19111818953984638,Aug 2025 to Nov 2025,aui,,,4.803588,3.80152,,
OMN,Oman,High income,other,,,0.1962474586096754,0.01967807557030965,Aug 2025 to Nov 2025,aui,,,0.352104,0.42845,,
PAK,Pakistan,Lower-middle income,C2,,,-0.04271084926383728,0.015651279118367167,Aug 2025 to Nov 2025,aui,,,0.28406,0.272183,,
PAN,Panama,High income,other,,,0.07353853627492193,0.030609594265224846,Aug 2025 to Nov 2025,aui,,,1.076936,1.159117,,
PER,Peru,Upper-middle income,other,,,0.3723070755551111,0.4046104049699982,Aug 2025 to Nov 2025,aui,,,1.006858,1.46103,,
PHL,Philippines,Upper-middle income,C2,,,0.08611870376559583,0.09995327759452483,Aug 2025 to Nov 2025,aui,,,0.534682,0.582769,,
PNG,Papua New Guinea,Lower-middle income,other,,,-0.29209060273654686,-0.5136571391678593,Aug 2025 to Nov 2025,aui,,,0.046376,0.034629,,
POL,Poland,High income,other,,,-0.10254535217986138,-0.10733556864431083,Aug 2025 to Nov 2025,aui,,,1.907405,1.721504,,
PRI,Puerto Rico (US),High income,other,,,0.1302344807430951,0.04135951973015865,Aug 2025 to Nov 2025,aui,,,0.990435,1.1282,,
PRT,Portugal,High income,other,,,0.13109460179144905,0.13659913393852036,Aug 2025 to Nov 2025,aui,,,2.38796,2.722455,,
PRY,Paraguay,Upper-middle income,other,,,-0.17470569008639658,-0.1652196725928649,Aug 2025 to Nov 2025,aui,,,0.685002,0.575199,,
PSE,West Bank and Gaza,Lower-middle income,other,,,-0.13656119978125036,-0.10131987254755086,Aug 2025 to Nov 2025,aui,,,0.454276,0.396289,,
PYF,French Polynesia,High income,other,,,0.24503774022570113,0.20895040428738162,Aug 2025 to Nov 2025,aui,,,1.391892,1.778378,,
QAT,Qatar,High income,other,,,0.6269832527496034,0.42662798688871667,Aug 2025 to Nov 2025,aui,,,0.909968,1.703419,,
ROU,Romania,High income,other,,,-0.027223824309268868,-0.05953026918105816,Aug 2025 to Nov 2025,aui,,,1.234073,1.20093,,
RWA,Rwanda,Low income,other,,,0.03167198588684306,0.1431746267377547,Aug 2025 to Nov 2025,aui,,,0.354829,0.366247,,
SAU,Saudi Arabia,High income,other,,,0.11105014578606165,-0.08848754775961709,Aug 2025 to Nov 2025,aui,,,0.491601,0.54934,,
SEN,Senegal,Lower-middle income,other,,,-0.055207444520885884,0.010292731382559012,Aug 2025 to Nov 2025,aui,,,0.349741,0.330956,,
SGP,Singapore,High income,other,,,-0.05811821461445721,-0.05790894599590615,Aug 2025 to Nov 2025,aui,,,5.424377,5.118108,,
SLE,Sierra Leone,Low income,other,,,-0.2798479262641198,-0.3697602002107209,Aug 2025 to Nov 2025,aui,,,0.048443,0.036618,,
SLV,El Salvador,Upper-middle income,other,,,0.18614135475985416,0.17474927956953729,Aug 2025 to Nov 2025,aui,,,0.474162,0.571172,,
SRB,Serbia,Upper-middle income,other,,,-0.10553292674227671,-0.060078608237135046,Aug 2025 to Nov 2025,aui,,,1.686683,1.517753,,
SUR,Suriname,Upper-middle income,other,,,0.23399079698260006,0.14792681322461523,Aug 2025 to Nov 2025,aui,,,0.280462,0.354401,,
SVK,Slovak Republic,High income,other,,,0.1339411322938132,0.06639154751064702,Aug 2025 to Nov 2025,aui,,,1.152935,1.31818,,
SVN,Slovenia,High income,other,,,0.13913516466036357,0.10422929954535623,Aug 2025 to Nov 2025,aui,,,1.963519,2.256632,,
SWE,Sweden,High income,other,,,0.07278341512399955,0.013212197461205319,Aug 2025 to Nov 2025,aui,,,2.608852,2.805814,,
SWZ,Eswatini,Lower-middle income,other,,,0.3842356864197918,0.32771604436740254,Aug 2025 to Nov 2025,aui,,,0.234651,0.344583,,
TCD,Chad,Low income,other,,,0.01040763683677337,-0.1558864662972494,Aug 2025 to Nov 2025,aui,,,0.028962,0.029265,,
TGO,Togo,Lower-middle income,other,,,0.44010705939244166,0.41955778359725193,Aug 2025 to Nov 2025,aui,,,0.132732,0.206116,,
THA,Thailand,Upper-middle income,C2,,,-0.4239813132232665,-0.37091902837609736,Aug 2025 to Nov 2025,aui,,,1.109598,0.726161,,
TJK,Tajikistan,Lower-middle income,other,,,0.3305884635845282,0.19132398490028885,Aug 2025 to Nov 2025,aui,,,0.070278,0.097812,,
TLS,Timor-Leste,Lower-middle income,C2,,,0.024567018776652683,0.02906036917502075,Aug 2025 to Nov 2025,aui,,,0.180811,0.185308,,
TTO,Trinidad and Tobago,High income,other,,,0.3015569535079081,0.23218058938582223,Aug 2025 to Nov 2025,aui,,,0.837414,1.132152,,
TUN,Tunisia,Lower-middle income,other,,,0.27740952193725416,0.3831221519516223,Aug 2025 to Nov 2025,aui,,,1.051789,1.388053,,
TUR,Turkiye,Upper-middle income,other,,,-0.1714419796486733,-0.2315659974447128,Aug 2025 to Nov 2025,aui,,,0.810405,0.682725,,
TZA,Tanzania,Lower-middle income,other,,,-0.2031763242952942,-0.3339842889143229,Aug 2025 to Nov 2025,aui,,,0.049373,0.040295,,
UGA,Uganda,Low income,other,,,0.07915972408354621,0.0464062889334671,Aug 2025 to Nov 2025,aui,,,0.101885,0.110278,,
UKR,Ukraine,Upper-middle income,other,,,0.1971231152536207,0.28246262388833693,Aug 2025 to Nov 2025,aui,,,1.095285,1.333941,,
URY,Uruguay,High income,other,,,-0.15116411468471375,-0.173592683665937,Aug 2025 to Nov 2025,aui,,,1.558605,1.339943,,
USA,United States,High income,other,,,0.04918603796668908,0.01366211412006954,Aug 2025 to Nov 2025,aui,,,4.300303,4.517106,,
UZB,Uzbekistan,Lower-middle income,other,,,0.541681630178467,0.3803982463824771,Aug 2025 to Nov 2025,aui,,,0.095057,0.163393,,
VNM,Viet Nam,Upper-middle income,C2,,,-0.03861221249690089,0.005853297794304428,Aug 2025 to Nov 2025,aui,,,0.70828,0.681453,,
XKX,Kosovo,Upper-middle income,other,,,-0.49844120093548117,-0.5383679703340505,Aug 2025 to Nov 2025,aui,,,0.5077,0.308416,,
ZAF,South Africa,Upper-middle income,other,,,-0.14888407692111705,-0.15927971043110906,Aug 2025 to Nov 2025,aui,,,0.542973,0.467863,,
ZMB,Zambia,Lower-middle income,other,,,0.036515654481210635,0.030217036014271365,Aug 2025 to Nov 2025,aui,,,0.135357,0.140391,,
ZWE,Zimbabwe,Lower-middle income,other,,,-0.018031278199761136,-0.07005235870251639,Aug 2025 to Nov 2025,aui,,,0.182208,0.178952,,
ABW,Aruba,High income,other,,,0.7437740334589866,0.5153500978127339,Nov 2025 to Feb 2026,aui,,,,0.954828,2.008825,
AGO,Angola,Lower-middle income,other,,,0.3650259553384454,0.08997179317613668,Nov 2025 to Feb 2026,aui,,,,0.059993,0.086423,
ALB,Albania,Upper-middle income,other,,,0.1645786270730687,0.1284451856021032,Nov 2025 to Feb 2026,aui,,,,0.828564,0.976791,
AND,Andorra,High income,other,,,0.07340652481369525,0.11188875018360045,Nov 2025 to Feb 2026,aui,,,,5.360392,5.768682,
ARE,United Arab Emirates,High income,other,,,0.20964177391356087,0.05016683188694618,Nov 2025 to Feb 2026,aui,,,,1.968498,2.427623,
ARG,Argentina,Upper-middle income,other,,,-0.18205036619998163,-0.2382467792927987,Nov 2025 to Feb 2026,aui,,,,0.914362,0.762175,
ARM,Armenia,Upper-middle income,other,,,0.14454409447962044,0.24172881738740667,Nov 2025 to Feb 2026,aui,,,,1.186463,1.370973,
ATG,Antigua and Barbuda,High income,other,,,-0.1898027703926939,-0.16734836558150504,Nov 2025 to Feb 2026,aui,,,,2.194545,1.815157,
AUS,Australia,High income,other,,,0.04446780038739728,-0.015211470428044327,Nov 2025 to Feb 2026,aui,,,,4.00138,4.183328,
AUT,Austria,High income,other,,,0.14740789764282436,-0.013003722518971667,Nov 2025 to Feb 2026,aui,,,,2.29852,2.663586,
AZE,Azerbaijan,Upper-middle income,other,,,0.1722397317271669,0.06722145835606799,Nov 2025 to Feb 2026,aui,,,,0.358848,0.426298,
BDI,Burundi,Low income,other,,,0.4347434511804873,0.42241905995940143,Nov 2025 to Feb 2026,aui,,,,0.017715,0.027362,
BEL,Belgium,High income,other,,,0.10258373755376426,-0.02528395878417969,Nov 2025 to Feb 2026,aui,,,,2.65676,2.94377,
BEN,Benin,Lower-middle income,other,,,0.05447040189197927,0.23033917622476838,Nov 2025 to Feb 2026,aui,,,,0.303316,0.320296,
BFA,Burkina Faso,Low income,other,,,0.252538719373097,0.3387374073547145,Nov 2025 to Feb 2026,aui,,,,0.119089,0.153302,
BGD,Bangladesh,Lower-middle income,C2,,,-0.15683271647401265,-0.29569382582417386,Nov 2025 to Feb 2026,aui,,,,0.11605,0.099205,
BGR,Bulgaria,High income,other,,,0.08641968636917302,0.10719008950005941,Nov 2025 to Feb 2026,aui,,,,1.621259,1.7676,
BHR,Bahrain,High income,other,,,-0.06755853042249435,-0.23810798614620976,Nov 2025 to Feb 2026,aui,,,,1.034427,0.966851,
BHS,"Bahamas, The",High income,other,,,0.4831992394565918,0.22457823986917486,Nov 2025 to Feb 2026,aui,,,,0.866668,1.405088,
BIH,Bosnia and Herzegovina,Upper-middle income,other,,,0.18304673520404707,0.16331918029453527,Nov 2025 to Feb 2026,aui,,,,0.738401,0.886724,
BLZ,Belize,Upper-middle income,other,,,0.4916204683665659,0.4591387623828609,Nov 2025 to Feb 2026,aui,,,,0.523838,0.856456,
BMU,Bermuda,High income,other,,,0.440693665495385,0.08495455195347346,Nov 2025 to Feb 2026,aui,,,,2.058961,3.199182,
BOL,Bolivia,Lower-middle income,other,,,-0.7287979021601955,-0.5481591355311706,Nov 2025 to Feb 2026,aui,,,,0.867751,0.41868,
BRA,Brazil,Upper-middle income,other,,,-0.059492254121551486,-0.06255211548471867,Nov 2025 to Feb 2026,aui,,,,0.850942,0.801794,
BRB,Barbados,High income,other,,,0.005414423042478633,-0.021836654344990908,Nov 2025 to Feb 2026,aui,,,,1.96128,1.971928,
BRN,Brunei Darussalam,High income,C2,,,-0.14814831494560682,-0.33609557567862064,Nov 2025 to Feb 2026,aui,,,,1.150419,0.99201,
BTN,Bhutan,Lower-middle income,C2,,,-0.42747494589982193,-0.3524457055482483,Nov 2025 to Feb 2026,aui,,,,0.504355,0.328917,
BWA,Botswana,Upper-middle income,other,,,-0.1148495185108046,-0.16321696914644285,Nov 2025 to Feb 2026,aui,,,,0.475522,0.423928,
CAN,Canada,High income,other,,,0.143030709970561,0.10194764013108593,Nov 2025 to Feb 2026,aui,,,,3.850877,4.443008,
CHE,Switzerland,High income,other,,,0.22766846855069178,0.05214269433375607,Nov 2025 to Feb 2026,aui,,,,3.928717,4.933168,
CHL,Chile,High income,other,,,-0.32151989777269807,-0.3408744718926715,Nov 2025 to Feb 2026,aui,,,,1.269937,0.920763,
CIV,Cote d'Ivoire,Lower-middle income,other,,,-0.0710077843168988,-0.021069315181299564,Nov 2025 to Feb 2026,aui,,,,0.286263,0.266641,
CMR,Cameroon,Lower-middle income,other,,,0.10176277470972472,0.2349802866409757,Nov 2025 to Feb 2026,aui,,,,0.286639,0.317344,
COG,"Congo, Rep.",Lower-middle income,other,,,-0.0026441448167124904,0.0013741991288604427,Nov 2025 to Feb 2026,aui,,,,0.187075,0.186581,
COL,Colombia,Upper-middle income,other,,,-0.22888349833163202,-0.12309639144205345,Nov 2025 to Feb 2026,aui,,,,1.082204,0.860808,
COM,Comoros,Lower-middle income,other,,,-0.31863804911750937,-0.2814567420267706,Nov 2025 to Feb 2026,aui,,,,0.187872,0.136609,
CPV,Cabo Verde,Upper-middle income,other,,,-0.12526564016574782,-0.07740874707307666,Nov 2025 to Feb 2026,aui,,,,0.574354,0.506731,
CRI,Costa Rica,High income,other,,,-0.3113922974557951,-0.32627159685799334,Nov 2025 to Feb 2026,aui,,,,1.373189,1.00576,
CUW,Curacao,High income,other,,,0.3855611868441593,0.2866350493875555,Nov 2025 to Feb 2026,aui,,,,1.148399,1.688651,
CYM,Cayman Islands,High income,other,,,0.4443553036455099,0.3246338655115198,Nov 2025 to Feb 2026,aui,,,,3.820669,5.958274,
CYP,Cyprus,High income,other,,,0.2369502958416182,0.21025290500669389,Nov 2025 to Feb 2026,aui,,,,2.631038,3.33452,
CZE,Czechia,High income,other,,,0.06484445922310222,-0.011107901060647019,Nov 2025 to Feb 2026,aui,,,,1.884897,2.011172,
DEU,Germany,High income,other,,,0.19395358076814273,0.024054911931162992,Nov 2025 to Feb 2026,aui,,,,2.188302,2.656686,
DJI,Djibouti,Lower-middle income,other,,,-0.2565999882110894,-0.2745579514596449,Nov 2025 to Feb 2026,aui,,,,0.293621,0.227168,
DNK,Denmark,High income,other,,,0.18288623075256427,-0.005615511268197759,Nov 2025 to Feb 2026,aui,,,,2.568899,3.08442,
DOM,Dominican Republic,Upper-middle income,other,,,-0.1659570794133727,-0.15806062404788274,Nov 2025 to Feb 2026,aui,,,,0.903867,0.76565,
DZA,Algeria,Upper-middle income,other,,,-0.23384554304338134,-0.2614970649921552,Nov 2025 to Feb 2026,aui,,,,0.415503,0.328864,
ECU,Ecuador,Upper-middle income,other,,,-1.0496872562659059,-0.8809420638869259,Nov 2025 to Feb 2026,aui,,,,1.282647,0.448987,
EGY,"Egypt, Arab Rep.",Lower-middle income,other,,,-0.1645184828545989,-0.11241546958764226,Nov 2025 to Feb 2026,aui,,,,0.339886,0.288326,
ESP,Spain,High income,other,,,0.1218484658618244,0.03174964855760723,Nov 2025 to Feb 2026,aui,,,,1.983425,2.240443,
EST,Estonia,High income,other,,,0.056355858703573514,0.12398923486098379,Nov 2025 to Feb 2026,aui,,,,3.731528,3.94786,
FIN,Finland,High income,other,,,0.13629075363580834,0.0012387309383629086,Nov 2025 to Feb 2026,aui,,,,2.379693,2.727164,
FJI,Fiji,Upper-middle income,other,,,-0.20121800233513176,-0.2265960860063767,Nov 2025 to Feb 2026,aui,,,,0.447769,0.366156,
FRA,France,High income,other,,,0.0857872496865082,0.04102072282410607,Nov 2025 to Feb 2026,aui,,,,3.254308,3.545811,
GAB,Gabon,Upper-middle income,other,,,0.14021235065365745,0.08630360082582567,Nov 2025 to Feb 2026,aui,,,,0.507155,0.583491,
GBR,United Kingdom,High income,other,,,0.1732195163568655,0.09952198969123383,Nov 2025 to Feb 2026,aui,,,,3.172459,3.772457,
GEO,Georgia,Upper-middle income,other,,,-0.01558644488346439,0.2467539893999079,Nov 2025 to Feb 2026,aui,,,,2.654665,2.613609,
GHA,Ghana,Lower-middle income,other,,,0.07625366622769558,0.1705235661484971,Nov 2025 to Feb 2026,aui,,,,0.33626,0.362904,
GIN,Guinea,Lower-middle income,other,,,0.25241601759673005,0.035588798537495525,Nov 2025 to Feb 2026,aui,,,,0.047985,0.061763,
GMB,"Gambia, The",Low income,other,,,-0.5699501399341944,-0.5001706764190684,Nov 2025 to Feb 2026,aui,,,,0.10422,0.058942,
GRC,Greece,High income,other,,,0.004173325023819896,-0.06670666750325206,Nov 2025 to Feb 2026,aui,,,,1.482289,1.488488,
GTM,Guatemala,Upper-middle income,other,,,-0.07821690644807822,-0.18119467255112048,Nov 2025 to Feb 2026,aui,,,,0.312682,0.289157,
GUY,Guyana,High income,other,,,0.06329967317602969,-0.3174077932744144,Nov 2025 to Feb 2026,aui,,,,0.365485,0.389368,
HND,Honduras,Lower-middle income,other,,,-0.05060780911064833,-0.059381663721697175,Nov 2025 to Feb 2026,aui,,,,0.253057,0.240569,
HRV,Croatia,High income,other,,,0.24815550609948717,0.19332726430793756,Nov 2025 to Feb 2026,aui,,,,1.603498,2.055138,
HTI,Haiti,Lower-middle income,other,,,0.3268464195884502,0.23778764268306135,Nov 2025 to Feb 2026,aui,,,,0.104403,0.144764,
HUN,Hungary,High income,other,,,0.020268684392311664,-0.0803422138738408,Nov 2025 to Feb 2026,aui,,,,1.204318,1.228977,
IDN,Indonesia,Upper-middle income,C1,,,-0.6630622680852003,-0.5922544203224601,Nov 2025 to Feb 2026,aui,,,,0.588042,0.303001,
IMN,Isle of Man,High income,other,,,0.8722517965306252,0.5768516101517585,Nov 2025 to Feb 2026,aui,,,,1.718392,4.110895,
IND,India,Lower-middle income,C1,,,0.07680368350630395,0.11305027236543591,Nov 2025 to Feb 2026,aui,,,,0.265752,0.286967,
IRL,Ireland,High income,other,,,0.14248291001236746,-0.04535532947789278,Nov 2025 to Feb 2026,aui,,,,2.920957,3.368253,
IRQ,Iraq,Upper-middle income,other,,,-0.2080935383603345,-0.180282482203355,Nov 2025 to Feb 2026,aui,,,,0.530077,0.430492,
ISL,Iceland,High income,other,,,0.07499522415349458,-0.10224365409741343,Nov 2025 to Feb 2026,aui,,,,3.142824,3.387584,
ISR,Israel,High income,other,,,-0.12409918547512833,-0.07411617342697469,Nov 2025 to Feb 2026,aui,,,,5.988907,5.289955,
ITA,Italy,High income,other,,,0.0793825182193234,-0.0374406461323403,Nov 2025 to Feb 2026,aui,,,,1.975493,2.138705,
JAM,Jamaica,Upper-middle income,other,,,0.17652680779696509,0.19187680483491212,Nov 2025 to Feb 2026,aui,,,,0.685215,0.817507,
JOR,Jordan,Upper-middle income,other,,,-0.07986994058466901,-0.06710159298265175,Nov 2025 to Feb 2026,aui,,,,0.454812,0.419899,
JPN,Japan,High income,other,,,-0.05200249115925648,-0.15321377509815526,Nov 2025 to Feb 2026,aui,,,,1.940837,1.842488,
KAZ,Kazakhstan,Upper-middle income,other,,,0.07365935020843783,-0.029811425492052207,Nov 2025 to Feb 2026,aui,,,,0.679853,0.731821,
KEN,Kenya,Lower-middle income,other,,,-0.14797303128354788,0.07423141407127656,Nov 2025 to Feb 2026,aui,,,,0.525193,0.452955,
KGZ,Kyrgyz Republic,Lower-middle income,other,,,0.07499599777047128,0.2064585254785038,Nov 2025 to Feb 2026,aui,,,,0.429816,0.46329,
KHM,Cambodia,Lower-middle income,C2,,,-0.1832254480458788,-0.1767219714372149,Nov 2025 to Feb 2026,aui,,,,0.228892,0.190571,
KOR,"Korea, Rep.",High income,other,,,-0.033872701214190615,0.005623228916931788,Nov 2025 to Feb 2026,aui,,,,3.818685,3.691502,
KWT,Kuwait,High income,other,,,0.17970887435835403,-0.23539516594577015,Nov 2025 to Feb 2026,aui,,,,0.447826,0.535989,
LAO,Lao PDR,Lower-middle income,C2,,,-0.46400458296259806,-0.3941312269680899,Nov 2025 to Feb 2026,aui,,,,0.243374,0.153024,
LBN,Lebanon,Lower-middle income,other,,,-0.06543269129302823,0.1785034326663755,Nov 2025 to Feb 2026,aui,,,,0.950505,0.890302,
LBR,Liberia,Low income,other,,,-0.18979817728517334,-0.18449556978309778,Nov 2025 to Feb 2026,aui,,,,0.067743,0.056032,
LCA,St. Lucia,Upper-middle income,other,,,0.14043802369863512,0.0740525169148675,Nov 2025 to Feb 2026,aui,,,,0.795429,0.915362,
LKA,Sri Lanka,Upper-middle income,C2,,,-0.2456881093319917,-0.04730178271414759,Nov 2025 to Feb 2026,aui,,,,1.000703,0.782716,
LSO,Lesotho,Lower-middle income,other,,,-0.3752155448636758,-0.33306655440076327,Nov 2025 to Feb 2026,aui,,,,0.12575,0.086408,
LTU,Lithuania,High income,other,,,0.09671788177147322,0.09866336991010205,Nov 2025 to Feb 2026,aui,,,,2.551946,2.811095,
LUX,Luxembourg,High income,other,,,0.3158281101782139,0.16022688313081607,Nov 2025 to Feb 2026,aui,,,,3.751671,5.145021,
LVA,Latvia,High income,other,,,0.18043806324430556,0.20629200599930764,Nov 2025 to Feb 2026,aui,,,,2.344308,2.807876,
MAR,Morocco,Lower-middle income,other,,,-0.15985016717752962,0.03722056044984645,Nov 2025 to Feb 2026,aui,,,,0.927546,0.790521,
MDA,Moldova,Upper-middle income,other,,,0.05826254724909663,0.26345400031968513,Nov 2025 to Feb 2026,aui,,,,1.794585,1.902248,
MDG,Madagascar,Low income,other,,,-0.23174837015952843,0.03453668726071557,Nov 2025 to Feb 2026,aui,,,,0.163313,0.129531,
MDV,Maldives,Upper-middle income,C2,,,-0.147243026992686,-0.009766184698271146,Nov 2025 to Feb 2026,aui,,,,2.083536,1.798267,
MEX,Mexico,Upper-middle income,other,,,-0.04068128228288703,-0.19394023673732413,Nov 2025 to Feb 2026,aui,,,,0.532373,0.51115,
MKD,North Macedonia,Upper-middle income,other,,,0.20310411907121467,0.31075466015776654,Nov 2025 to Feb 2026,aui,,,,1.314689,1.610757,
MLT,Malta,High income,other,,,0.24098020179779867,0.22661670150716773,Nov 2025 to Feb 2026,aui,,,,3.212427,4.0878,
MNE,Montenegro,Upper-middle income,other,,,0.21454751517965176,0.27516940151663527,Nov 2025 to Feb 2026,aui,,,,1.564189,1.938501,
MNG,Mongolia,Upper-middle income,other,,,0.5764247445201217,0.4594082898576107,Nov 2025 to Feb 2026,aui,,,,0.284947,0.50711,
MOZ,Mozambique,Low income,other,,,-0.46869458719370716,-0.3261836071900866,Nov 2025 to Feb 2026,aui,,,,0.090694,0.056758,
MRT,Mauritania,Lower-middle income,other,,,0.3925309793977332,0.2887912164460527,Nov 2025 to Feb 2026,aui,,,,0.106945,0.158356,
MUS,Mauritius,Upper-middle income,other,,,0.07260091454640244,0.12832479820456444,Nov 2025 to Feb 2026,aui,,,,1.515113,1.629203,
MWI,Malawi,Low income,other,,,-0.38762587745677024,-0.31276987254369615,Nov 2025 to Feb 2026,aui,,,,0.068586,0.046547,
MYS,Malaysia,Upper-middle income,C2,,,-0.10782239595927814,-0.15566342617632845,Nov 2025 to Feb 2026,aui,,,,0.803401,0.721283,
NAM,Namibia,Lower-middle income,other,,,0.5133286935520177,0.4280438063025836,Nov 2025 to Feb 2026,aui,,,,0.231665,0.387076,
NCL,New Caledonia,High income,other,,,-0.023836259435899954,-0.18583487079981653,Nov 2025 to Feb 2026,aui,,,,1.127177,1.100627,
NER,Niger,Low income,other,,,0.4898385864943333,0.27466399576131895,Nov 2025 to Feb 2026,aui,,,,0.020772,0.033901,
NGA,Nigeria,Lower-middle income,other,,,0.027619198442047965,0.20980599359690966,Nov 2025 to Feb 2026,aui,,,,0.265425,0.272858,
NLD,Netherlands,High income,other,,,0.24692256219130648,0.12758864335483597,Nov 2025 to Feb 2026,aui,,,,3.195705,4.090758,
NOR,Norway,High income,other,,,0.1160529634543872,-0.09088127505224766,Nov 2025 to Feb 2026,aui,,,,2.96686,3.331948,
NPL,Nepal,Lower-middle income,C2,,,-0.036827470552538544,0.19567973135323916,Nov 2025 to Feb 2026,aui,,,,0.39267,0.378472,
NZL,New Zealand,High income,other,,,-0.038936151696039145,-0.04328763125775692,Nov 2025 to Feb 2026,aui,,,,3.80152,3.656348,
OMN,Oman,High income,other,,,0.00675505357647288,-0.26353387001370987,Nov 2025 to Feb 2026,aui,,,,0.42845,0.431354,
PAK,Pakistan,Lower-middle income,C2,,,-0.00680160625212145,0.16028099037124272,Nov 2025 to Feb 2026,aui,,,,0.272183,0.270338,
PAN,Panama,High income,other,,,-0.28933267787330125,-0.35231214811237827,Nov 2025 to Feb 2026,aui,,,,1.159117,0.867904,
PER,Peru,Upper-middle income,other,,,-0.7701064147532903,-0.6164368112485569,Nov 2025 to Feb 2026,aui,,,,1.46103,0.676404,
PHL,Philippines,Upper-middle income,C2,,,-0.050258031403168535,0.0299008110096652,Nov 2025 to Feb 2026,aui,,,,0.582769,0.554204,
PNG,Papua New Guinea,Lower-middle income,other,,,0.037242869024986636,-0.3521934828800646,Nov 2025 to Feb 2026,aui,,,,0.034629,0.035943,
POL,Poland,High income,other,,,0.047266969036875106,0.005641496362849191,Nov 2025 to Feb 2026,aui,,,,1.721504,1.804828,
PRI,Puerto Rico (US),High income,other,,,0.1623802033361252,0.020377760376255633,Nov 2025 to Feb 2026,aui,,,,1.1282,1.32711,
PRT,Portugal,High income,other,,,0.10654132535991545,0.125592193750921,Nov 2025 to Feb 2026,aui,,,,2.722455,3.028524,
PRY,Paraguay,Upper-middle income,other,,,-0.08538496326107414,-0.07617735971698077,Nov 2025 to Feb 2026,aui,,,,0.575199,0.528124,
PSE,West Bank and Gaza,Lower-middle income,other,,,-0.02004621658605754,0.06404611837375063,Nov 2025 to Feb 2026,aui,,,,0.396289,0.388424,
PYF,French Polynesia,High income,other,,,0.09287199795070933,0.06971005125663225,Nov 2025 to Feb 2026,aui,,,,1.778378,1.951452,
QAT,Qatar,High income,other,,,-0.32693792339846284,-0.5915430287239929,Nov 2025 to Feb 2026,aui,,,,1.703419,1.228384,
ROU,Romania,High income,other,,,0.18221468945716043,0.11544061240622036,Nov 2025 to Feb 2026,aui,,,,1.20093,1.440962,
RWA,Rwanda,Low income,other,,,-0.2772564319454853,0.005329217338376158,Nov 2025 to Feb 2026,aui,,,,0.366247,0.277564,
SAU,Saudi Arabia,High income,other,,,0.18268101451717944,-0.16368220659345956,Nov 2025 to Feb 2026,aui,,,,0.54934,0.659445,
SEN,Senegal,Lower-middle income,other,,,0.1430738507657835,0.31473152395874276,Nov 2025 to Feb 2026,aui,,,,0.330956,0.381862,
SGP,Singapore,High income,other,,,0.09433957058958908,0.03472781495181865,Nov 2025 to Feb 2026,aui,,,,5.118108,5.624457,
SLE,Sierra Leone,Low income,other,,,0.38181106247076313,0.2614808687020129,Nov 2025 to Feb 2026,aui,,,,0.036618,0.053643,
SLV,El Salvador,Upper-middle income,other,,,-0.10298188867171809,-0.04949882033008912,Nov 2025 to Feb 2026,aui,,,,0.571172,0.515279,
SRB,Serbia,Upper-middle income,other,,,0.18433807643372951,0.24882514527526026,Nov 2025 to Feb 2026,aui,,,,1.517753,1.82498,
SUR,Suriname,Upper-middle income,other,,,0.15891397330002643,0.08878494361948422,Nov 2025 to Feb 2026,aui,,,,0.354401,0.415442,
SVK,Slovak Republic,High income,other,,,0.06676520279838022,-0.03645717859060359,Nov 2025 to Feb 2026,aui,,,,1.31818,1.409193,
SVN,Slovenia,High income,other,,,0.1446592095841187,0.09001574638621943,Nov 2025 to Feb 2026,aui,,,,2.256632,2.607867,
SWE,Sweden,High income,other,,,0.19839938729233508,0.0698399633625951,Nov 2025 to Feb 2026,aui,,,,2.805814,3.421548,
SWZ,Eswatini,Lower-middle income,other,,,-0.3220307411385843,-0.2949445004838682,Nov 2025 to Feb 2026,aui,,,,0.344583,0.249711,
TCD,Chad,Low income,other,,,0.29813468514635133,0.09983237180235571,Nov 2025 to Feb 2026,aui,,,,0.029265,0.03943,
TGO,Togo,Lower-middle income,other,,,0.1947642817595241,0.32682945600064905,Nov 2025 to Feb 2026,aui,,,,0.206116,0.250436,
THA,Thailand,Upper-middle income,C2,,,-0.23830938766227222,-0.20843783546813888,Nov 2025 to Feb 2026,aui,,,,0.726161,0.572185,
TJK,Tajikistan,Lower-middle income,other,,,0.010505697747580367,-0.09894173741881995,Nov 2025 to Feb 2026,aui,,,,0.097812,0.098845,
TLS,Timor-Leste,Lower-middle income,C2,,,-0.5930740009531121,-0.5058776738914363,Nov 2025 to Feb 2026,aui,,,,0.185308,0.102406,
TTO,Trinidad and Tobago,High income,other,,,-0.2436912545121434,-0.30501022658636934,Nov 2025 to Feb 2026,aui,,,,1.132152,0.887301,
TUN,Tunisia,Lower-middle income,other,,,-0.2827279354831183,-0.0004704496486315768,Nov 2025 to Feb 2026,aui,,,,1.388053,1.04621,
TUR,Turkiye,Upper-middle income,other,,,0.05879592973542569,-0.07910542217279748,Nov 2025 to Feb 2026,aui,,,,0.682725,0.72407,
TZA,Tanzania,Lower-middle income,other,,,0.41118145977482756,0.22253328610805834,Nov 2025 to Feb 2026,aui,,,,0.040295,0.060789,
UGA,Uganda,Low income,other,,,-0.3021315278662047,-0.2592127878243383,Nov 2025 to Feb 2026,aui,,,,0.110278,0.081522,
UKR,Ukraine,Upper-middle income,other,,,-0.29066791688292065,-0.06774747692903305,Nov 2025 to Feb 2026,aui,,,,1.333941,0.997473,
URY,Uruguay,High income,other,,,-0.08617403937576743,-0.1664589007611708,Nov 2025 to Feb 2026,aui,,,,1.339943,1.22931,
USA,United States,High income,other,,,0.03008026922774576,-0.07212615303820064,Nov 2025 to Feb 2026,aui,,,,4.517106,4.655046,
UZB,Uzbekistan,Lower-middle income,other,,,0.05812697839096548,-0.06382188907454472,Nov 2025 to Feb 2026,aui,,,,0.163393,0.173172,
VCT,St. Vincent and the Grenadines,Upper-middle income,other,,,-0.6181524363279587,-0.44563151476200236,Nov 2025 to Feb 2026,aui,,,,2.290119,1.234235,
VNM,Viet Nam,Upper-middle income,C2,,,-0.47212634968001965,-0.36506848796771274,Nov 2025 to Feb 2026,aui,,,,0.681453,0.425005,
XKX,Kosovo,Upper-middle income,other,,,0.32613744844362547,0.17925843681335202,Nov 2025 to Feb 2026,aui,,,,0.308416,0.427343,
ZAF,South Africa,Upper-middle income,other,,,-0.06439390236273879,-0.08212907753931648,Nov 2025 to Feb 2026,aui,,,,0.467863,0.438685,
ZMB,Zambia,Lower-middle income,other,,,-0.1381015341795917,-0.06012952344519229,Nov 2025 to Feb 2026,aui,,,,0.140391,0.122282,
ZWE,Zimbabwe,Lower-middle income,other,,,0.009582223713233473,-0.027306486545153365,Nov 2025 to Feb 2026,aui,,,,0.178952,0.180675,
AGO,Angola,Lower-middle income,other,,,0.14591634190029712,-0.31728708982970555,Feb 2026 to May 2026,aui,,,,,0.086423,0.1
ALB,Albania,Upper-middle income,other,,,0.043285197283482596,-0.0015273912080635763,Feb 2026 to May 2026,aui,,,,,0.976791,1.02
ARE,United Arab Emirates,High income,other,,,0.15689146286044675,0.07371687475323158,Feb 2026 to May 2026,aui,,,,,2.427623,2.84
ARG,Argentina,Upper-middle income,other,,,0.663621178646407,0.5027977849742,Feb 2026 to May 2026,aui,,,,,0.762175,1.48
ARM,Armenia,Upper-middle income,other,,,-0.36681400111953844,-0.2478342363186039,Feb 2026 to May 2026,aui,,,,,1.370973,0.95
AUS,Australia,High income,other,,,0.425190888357154,0.4583406865327031,Feb 2026 to May 2026,aui,,,,,4.183328,6.4
AUT,Austria,High income,other,,,-0.020323113861464015,-0.10949744720900118,Feb 2026 to May 2026,aui,,,,,2.663586,2.61
AZE,Azerbaijan,Upper-middle income,other,,,0.008646576459233835,-0.17883103199039485,Feb 2026 to May 2026,aui,,,,,0.426298,0.43
BEL,Belgium,High income,other,,,0.2553099939176269,0.1991788250292087,Feb 2026 to May 2026,aui,,,,,2.94377,3.8
BEN,Benin,Lower-middle income,other,,,0.196901170878785,0.2506334153231203,Feb 2026 to May 2026,aui,,,,,0.320296,0.39
BFA,Burkina Faso,Low income,other,,,-0.021774538010826294,-0.08382806105742702,Feb 2026 to May 2026,aui,,,,,0.153302,0.15
BGD,Bangladesh,Lower-middle income,C2,,,0.10329194954598275,-0.3170775361323982,Feb 2026 to May 2026,aui,,,,,0.099205,0.11
BGR,Bulgaria,High income,other,,,-0.2621379945264872,-0.21237869580514016,Feb 2026 to May 2026,aui,,,,,1.7676,1.36
BHR,Bahrain,High income,other,,,0.4391759883076346,0.20491943961983966,Feb 2026 to May 2026,aui,,,,,0.966851,1.5
BIH,Bosnia and Herzegovina,Upper-middle income,other,,,-0.3740748155039388,-0.40646443276135485,Feb 2026 to May 2026,aui,,,,,0.886724,0.61
BOL,Bolivia,Lower-middle income,other,,,0.290829878742512,0.20717207007851868,Feb 2026 to May 2026,aui,,,,,0.41868,0.56
BRA,Brazil,Upper-middle income,other,,,0.1800815674443578,0.10476624850367576,Feb 2026 to May 2026,aui,,,,,0.801794,0.96
BWA,Botswana,Upper-middle income,other,,,0.2042651820838448,0.014245769283330267,Feb 2026 to May 2026,aui,,,,,0.423928,0.52
CAN,Canada,High income,other,,,-0.07305421756439912,0.005543945077881418,Feb 2026 to May 2026,aui,,,,,4.443008,4.13
CHE,Switzerland,High income,other,,,0.01744855567678183,-0.016246921877467957,Feb 2026 to May 2026,aui,,,,,4.933168,5.02
CHL,Chile,High income,other,,,0.6923181764527382,0.5567728211694492,Feb 2026 to May 2026,aui,,,,,0.920763,1.84
CIV,Cote d'Ivoire,Lower-middle income,other,,,0.1178792902887118,-0.001657266443053973,Feb 2026 to May 2026,aui,,,,,0.266641,0.3
CMR,Cameroon,Lower-middle income,other,,,0.18018489371671687,0.1988906089411896,Feb 2026 to May 2026,aui,,,,,0.317344,0.38
COG,"Congo, Rep.",Lower-middle income,other,,,0.2517734621922816,0.06772367698725235,Feb 2026 to May 2026,aui,,,,,0.186581,0.24
COL,Colombia,Upper-middle income,other,,,0.31539823441507897,0.3233223058991145,Feb 2026 to May 2026,aui,,,,,0.860808,1.18
CRI,Costa Rica,High income,other,,,0.445332144733151,0.32433081195130214,Feb 2026 to May 2026,aui,,,,,1.00576,1.57
CYP,Cyprus,High income,other,,,-0.07939914398748815,0.008787038709213879,Feb 2026 to May 2026,aui,,,,,3.33452,3.08
CZE,Czechia,High income,other,,,-0.0889520650994442,-0.13271678185016736,Feb 2026 to May 2026,aui,,,,,2.011172,1.84
DEU,Germany,High income,other,,,-0.1016107440434717,-0.19099376522542733,Feb 2026 to May 2026,aui,,,,,2.656686,2.4
DNK,Denmark,High income,other,,,0.14620196259261276,0.04830196188078123,Feb 2026 to May 2026,aui,,,,,3.08442,3.57
DOM,Dominican Republic,Upper-middle income,other,,,-0.13344743387620495,-0.22400066143739245,Feb 2026 to May 2026,aui,,,,,0.76565,0.67
DZA,Algeria,Upper-middle income,other,,,0.5322924922865325,0.3162431192457823,Feb 2026 to May 2026,aui,,,,,0.328864,0.56
ECU,Ecuador,Upper-middle income,other,,,0.25603416944676205,0.09822906206032173,Feb 2026 to May 2026,aui,,,,,0.448987,0.58
EGY,"Egypt, Arab Rep.",Lower-middle income,other,,,0.222012247035835,0.0917878482890972,Feb 2026 to May 2026,aui,,,,,0.288326,0.36
ESP,Spain,High income,other,,,0.18286757944314103,0.14599128058623798,Feb 2026 to May 2026,aui,,,,,2.240443,2.69
EST,Estonia,High income,other,,,-0.206902722807647,-0.04430663201467022,Feb 2026 to May 2026,aui,,,,,3.94786,3.21
FIN,Finland,High income,other,,,-0.2193606975740121,-0.2825194283707981,Feb 2026 to May 2026,aui,,,,,2.727164,2.19
FRA,France,High income,other,,,0.11299918795993724,0.15583487379070765,Feb 2026 to May 2026,aui,,,,,3.545811,3.97
GBR,United Kingdom,High income,other,,,-0.11876616748092639,-0.08197106690291295,Feb 2026 to May 2026,aui,,,,,3.772457,3.35
GEO,Georgia,Upper-middle income,other,,,-0.37294535992284616,-0.05992043908999123,Feb 2026 to May 2026,aui,,,,,2.613609,1.8
GHA,Ghana,Lower-middle income,other,,,0.046032916241953825,0.03073697664254571,Feb 2026 to May 2026,aui,,,,,0.362904,0.38
GRC,Greece,High income,other,,,0.01434881119282394,-0.06344943381435249,Feb 2026 to May 2026,aui,,,,,1.488488,1.51
GTM,Guatemala,Upper-middle income,other,,,0.24653321243895288,-0.025976210547434098,Feb 2026 to May 2026,aui,,,,,0.289157,0.37
HND,Honduras,Lower-middle income,other,,,0.07767468033140057,-0.10746614022583345,Feb 2026 to May 2026,aui,,,,,0.240569,0.26
HRV,Croatia,High income,other,,,-0.13255633407606948,-0.11369583786052859,Feb 2026 to May 2026,aui,,,,,2.055138,1.8
HTI,Haiti,Lower-middle income,other,,,-0.03346240764700781,-0.26655179436187215,Feb 2026 to May 2026,aui,,,,,0.144764,0.14
HUN,Hungary,High income,other,,,-0.13852346753301348,-0.2605772386136983,Feb 2026 to May 2026,aui,,,,,1.228977,1.07
IDN,Indonesia,Upper-middle income,C1,,,0.41749038364918456,0.20544756568314487,Feb 2026 to May 2026,aui,,,,,0.303001,0.46
IND,India,Lower-middle income,C1,,,0.0444152480859803,-0.05156194453036039,Feb 2026 to May 2026,aui,,,,,0.286967,0.3
IRL,Ireland,High income,other,,,-0.041912075089087786,-0.13994504769215593,Feb 2026 to May 2026,aui,,,,,3.368253,3.23
IRQ,Iraq,Upper-middle income,other,,,-0.5842898173101541,-0.7137106560336755,Feb 2026 to May 2026,aui,,,,,0.430492,0.24
ISL,Iceland,High income,other,,,0.17116491968458147,0.07033410265345896,Feb 2026 to May 2026,aui,,,,,3.387584,4.02
ISR,Israel,High income,other,,,-0.5506681485984493,-0.4188761506805493,Feb 2026 to May 2026,aui,,,,,5.289955,3.05
ITA,Italy,High income,other,,,-0.229572254613451,-0.30723752598458764,Feb 2026 to May 2026,aui,,,,,2.138705,1.7
JAM,Jamaica,Upper-middle income,other,,,-0.21401963040540903,-0.21855718574488525,Feb 2026 to May 2026,aui,,,,,0.817507,0.66
JOR,Jordan,Upper-middle income,other,,,0.42145397018581515,0.30139907248198483,Feb 2026 to May 2026,aui,,,,,0.419899,0.64
JPN,Japan,High income,other,,,0.03598640988848778,-0.06641328979966715,Feb 2026 to May 2026,aui,,,,,1.842488,1.91
KAZ,Kazakhstan,Upper-middle income,other,,,-0.030270978503139756,-0.189535660474973,Feb 2026 to May 2026,aui,,,,,0.731821,0.71
KEN,Kenya,Lower-middle income,other,,,-0.2868471651901615,-0.19748676671574833,Feb 2026 to May 2026,aui,,,,,0.452955,0.34
KGZ,Kyrgyz Republic,Lower-middle income,other,,,-0.28042005341956,-0.23595556446381832,Feb 2026 to May 2026,aui,,,,,0.46329,0.35
KHM,Cambodia,Lower-middle income,C2,,,0.09708270217530401,-0.12077264801816523,Feb 2026 to May 2026,aui,,,,,0.190571,0.21
KOR,"Korea, Rep.",High income,other,,,0.02369058832937765,0.13210162118524282,Feb 2026 to May 2026,aui,,,,,3.691502,3.78
KWT,Kuwait,High income,other,,,0.5402600315709307,0.05293464203597065,Feb 2026 to May 2026,aui,,,,,0.535989,0.92
LBN,Lebanon,Lower-middle income,other,,,0.07537255345099322,0.2641273441571528,Feb 2026 to May 2026,aui,,,,,0.890302,0.96
LKA,Sri Lanka,Upper-middle income,C2,,,-0.33483313893219885,-0.24280177475638984,Feb 2026 to May 2026,aui,,,,,0.782716,0.56
LTU,Lithuania,High income,other,,,-0.20939864418918586,-0.13621198820936004,Feb 2026 to May 2026,aui,,,,,2.811095,2.28
LUX,Luxembourg,High income,other,,,-0.059050745960944395,-0.04972067548139136,Feb 2026 to May 2026,aui,,,,,5.145021,4.85
LVA,Latvia,High income,other,,,-0.1695383704973038,-0.053930561468143345,Feb 2026 to May 2026,aui,,,,,2.807876,2.37
MAR,Morocco,Lower-middle income,other,,,0.1297025415627441,0.23941950916896998,Feb 2026 to May 2026,aui,,,,,0.790521,0.9
MDA,Moldova,Upper-middle income,other,,,-0.2714727882549433,-0.029986460038467888,Feb 2026 to May 2026,aui,,,,,1.902248,1.45
MDG,Madagascar,Low income,other,,,-0.2587500487435266,-0.25142248742733253,Feb 2026 to May 2026,aui,,,,,0.129531,0.1
MEX,Mexico,Upper-middle income,other,,,0.20905673018255533,-0.05758491445388736,Feb 2026 to May 2026,aui,,,,,0.51115,0.63
MKD,North Macedonia,Upper-middle income,other,,,-0.49690696214633645,-0.34050997527044147,Feb 2026 to May 2026,aui,,,,,1.610757,0.98
MLT,Malta,High income,other,,,-0.02171256690564971,0.09801408642655257,Feb 2026 to May 2026,aui,,,,,4.0878,4.0
MNG,Mongolia,Upper-middle income,other,,,0.9938380762392975,0.8947665708322221,Feb 2026 to May 2026,aui,,,,,0.50711,1.37
MOZ,Mozambique,Low income,other,,,0.3432300190845927,0.09952579139729612,Feb 2026 to May 2026,aui,,,,,0.056758,0.08
MUS,Mauritius,Upper-middle income,other,,,0.06579417504146307,0.14170857337890633,Feb 2026 to May 2026,aui,,,,,1.629203,1.74
MYS,Malaysia,Upper-middle income,C2,,,0.18746164097351775,0.04617628890072947,Feb 2026 to May 2026,aui,,,,,0.721283,0.87
NAM,Namibia,Lower-middle income,other,,,0.12815367073408956,0.024890671262413344,Feb 2026 to May 2026,aui,,,,,0.387076,0.44
NGA,Nigeria,Lower-middle income,other,,,-0.12831258999969353,-0.08780007382940286,Feb 2026 to May 2026,aui,,,,,0.272858,0.24
NLD,Netherlands,High income,other,,,-0.04775372982096293,-0.03555623893364113,Feb 2026 to May 2026,aui,,,,,4.090758,3.9
NOR,Norway,High income,other,,,0.19268757403273806,0.0683032843784378,Feb 2026 to May 2026,aui,,,,,3.331948,4.04
NPL,Nepal,Lower-middle income,C2,,,0.08001506577915429,0.18781060321874632,Feb 2026 to May 2026,aui,,,,,0.378472,0.41
NZL,New Zealand,High income,other,,,0.28044988567091256,0.3414794022245911,Feb 2026 to May 2026,aui,,,,,3.656348,4.84
OMN,Oman,High income,other,,,0.5261154354508362,0.13324838026451663,Feb 2026 to May 2026,aui,,,,,0.431354,0.73
PAK,Pakistan,Lower-middle income,C2,,,0.1368992695421687,0.15364456930153003,Feb 2026 to May 2026,aui,,,,,0.270338,0.31
PAN,Panama,High income,other,,,0.38853424744818277,0.20937250362022575,Feb 2026 to May 2026,aui,,,,,0.867904,1.28
PER,Peru,Upper-middle income,other,,,0.4397549124840736,0.3615327195768798,Feb 2026 to May 2026,aui,,,,,0.676404,1.05
PHL,Philippines,Upper-middle income,C2,,,-0.23075812310149524,-0.2502746455286269,Feb 2026 to May 2026,aui,,,,,0.554204,0.44
POL,Poland,High income,other,,,-0.3052863541519938,-0.3266896511745966,Feb 2026 to May 2026,aui,,,,,1.804828,1.33
PRI,Puerto Rico (US),High income,other,,,0.23579014775530355,0.107659967976617,Feb 2026 to May 2026,aui,,,,,1.32711,1.68
PRT,Portugal,High income,other,,,0.0918894108057271,0.19144056700781786,Feb 2026 to May 2026,aui,,,,,3.028524,3.32
PRY,Paraguay,Upper-middle income,other,,,0.11079143228124366,0.006026285194694642,Feb 2026 to May 2026,aui,,,,,0.528124,0.59
PSE,West Bank and Gaza,Lower-middle income,other,,,0.10168768221243896,0.06141598255226366,Feb 2026 to May 2026,aui,,,,,0.388424,0.43
QAT,Qatar,High income,other,,,0.3011181179420147,-0.06456329827100593,Feb 2026 to May 2026,aui,,,,,1.228384,1.66
ROU,Romania,High income,other,,,-0.05050020625365281,-0.08918815148584072,Feb 2026 to May 2026,aui,,,,,1.440962,1.37
RWA,Rwanda,Low income,other,,,-0.32773417067792754,-0.2461722596355404,Feb 2026 to May 2026,aui,,,,,0.277564,0.2
SAU,Saudi Arabia,High income,other,,,0.3437860139801245,-0.053413709260534514,Feb 2026 to May 2026,aui,,,,,0.659445,0.93
SEN,Senegal,Lower-middle income,other,,,0.07109787290514602,0.15467569023078553,Feb 2026 to May 2026,aui,,,,,0.381862,0.41
SGP,Singapore,High income,other,,,0.032456160766311415,0.102248367775026,Feb 2026 to May 2026,aui,,,,,5.624457,5.81
SLV,El Salvador,Upper-middle income,other,,,0.13541403535545193,0.07067110251803696,Feb 2026 to May 2026,aui,,,,,0.515279,0.59
SRB,Serbia,Upper-middle income,other,,,-0.3315418908572358,-0.21290635952318138,Feb 2026 to May 2026,aui,,,,,1.82498,1.31
SVK,Slovak Republic,High income,other,,,0.014657244156573657,-0.08823426531804783,Feb 2026 to May 2026,aui,,,,,1.409193,1.43
SVN,Slovenia,High income,other,,,-0.20241066611016978,-0.184346349279438,Feb 2026 to May 2026,aui,,,,,2.607867,2.13
SWE,Sweden,High income,other,,,-0.1381697797293755,-0.16151148337031895,Feb 2026 to May 2026,aui,,,,,3.421548,2.98
TGO,Togo,Lower-middle income,other,,,-0.12957585250772152,-0.11317617169567706,Feb 2026 to May 2026,aui,,,,,0.250436,0.22
THA,Thailand,Upper-middle income,C2,,,0.24358216848031183,0.13490111128319718,Feb 2026 to May 2026,aui,,,,,0.572185,0.73
TTO,Trinidad and Tobago,High income,other,,,0.1683611722963736,0.0025290374447203,Feb 2026 to May 2026,aui,,,,,0.887301,1.05
TUN,Tunisia,Lower-middle income,other,,,0.2912981263106852,0.48795367293803416,Feb 2026 to May 2026,aui,,,,,1.04621,1.4
TUR,Turkiye,Upper-middle income,other,,,-0.12341989644117035,-0.32247130824350057,Feb 2026 to May 2026,aui,,,,,0.72407,0.64
TZA,Tanzania,Lower-middle income,other,,,0.14108639049805705,-0.2536588506081816,Feb 2026 to May 2026,aui,,,,,0.060789,0.07
UGA,Uganda,Low income,other,,,0.2996074433221749,0.019717883353577714,Feb 2026 to May 2026,aui,,,,,0.081522,0.11
UKR,Ukraine,Upper-middle income,other,,,-0.24593116104487223,-0.11667956152521827,Feb 2026 to May 2026,aui,,,,,0.997473,0.78
URY,Uruguay,High income,other,,,0.4301237927026683,0.3066298525246989,Feb 2026 to May 2026,aui,,,,,1.22931,1.89
USA,United States,High income,other,,,-0.18469728548599074,-0.1893052796996203,Feb 2026 to May 2026,aui,,,,,4.655046,3.87
UZB,Uzbekistan,Lower-middle income,other,,,0.54949715441426,0.24113938777913113,Feb 2026 to May 2026,aui,,,,,0.173172,0.3
VNM,Viet Nam,Upper-middle income,C2,,,0.22077607298507196,0.11649015596181544,Feb 2026 to May 2026,aui,,,,,0.425005,0.53
ZAF,South Africa,Upper-middle income,other,,,0.04744487382623419,-0.09711804129302273,Feb 2026 to May 2026,aui,,,,,0.438685,0.46
ZMB,Zambia,Lower-middle income,other,,,0.20430544130289663,0.031129283994342227,Feb 2026 to May 2026,aui,,,,,0.122282,0.15
ZWE,Zimbabwe,Lower-middle income,other,,,0.10161752937899204,-0.12508883376212176,Feb 2026 to May 2026,aui,,,,,0.180675,0.2
