iso3,country_wb,income_group,gni_atlas,gni_ppp,b_uniform,b_entry,b_plr,b_prop,sub_rate,sub_usd,sub_cost_gni
ABW,Aruba,High income,35200.0,48900.0,0.6818181818181818,0.5970513165990978,0.49079754601226994,0.2702398378560973,0.0,0.0,0.0
AFG,Afghanistan,Low income,390.0,2250.0,61.53846153846154,28.24675530174475,10.666666666666666,0.2702398378560973,0.9675,232.2,3.2754190173734115
AGO,Angola,Lower-middle income,2860.0,9840.0,8.391608391608392,5.126230053039589,2.4390243902439024,0.2702398378560973,0.7616666666666667,182.8,0.3387973751373952
ALB,Albania,Upper-middle income,12060.0,28170.0,1.9900497512437811,1.494420723834417,0.8519701810436635,0.2702398378560973,0.0,0.0,0.0
AND,Andorra,High income,53230.0,80950.0,0.4508735675371031,0.41895191137128723,0.2964793082149475,0.2702398378560973,0.0,0.0,0.0
ARE,United Arab Emirates,High income,51550.0,81640.0,0.4655674102812803,0.4306197798188041,0.29397354238118567,0.2702398378560973,0.0,0.0,0.0
ARG,Argentina,Upper-middle income,14650.0,31920.0,1.6382252559726962,1.2650364480591343,0.7518796992481203,0.2702398378560973,0.0,0.0,0.0
ARM,Armenia,Upper-middle income,9020.0,24020.0,2.6607538802660753,1.916541614616514,0.9991673605328892,0.2702398378560973,0.2483333333333333,59.599999999999994,0.043986103457814896
ATG,Antigua and Barbuda,High income,23790.0,34670.0,1.008827238335435,0.8351249117229695,0.6922411306605134,0.27023983785609734,0.0,0.0,0.0
AUS,Australia,High income,64120.0,69930.0,0.37429819089207733,0.35720993262603146,0.3432003432003432,0.27023983785609723,0.0,0.0,0.0
AUT,Austria,High income,60360.0,77010.0,0.3976143141153082,0.3761862882090467,0.3116478379431243,0.2702398378560973,0.0,0.0,0.0
AZE,Azerbaijan,Upper-middle income,7360.0,25430.0,3.260869565217391,2.2812656871628123,0.9437672040896579,0.2702398378560973,0.3866666666666667,92.79999999999998,0.08779579591572177
BDI,Burundi,Low income,240.0,1250.0,100.0,42.81285346037293,19.2,0.2702398378560973,0.98,235.2,5.240122243198976
BEL,Belgium,High income,59500.0,75620.0,0.40336134453781514,0.3808387961639081,0.3173763554615181,0.2702398378560973,0.0,0.0,0.0
BEN,Benin,Lower-middle income,1600.0,4760.0,15.0,8.430599102687447,5.042016806722689,0.2702398378560973,0.8666666666666667,208.0,0.7226362756388016
BFA,Burkina Faso,Low income,980.0,2890.0,24.489795918367346,12.82956296059362,8.304498269896193,0.2702398378560973,0.9183333333333333,220.4,1.2627089347064882
BGD,Bangladesh,Lower-middle income,2840.0,10710.0,8.450704225352112,5.157135967631279,2.2408963585434174,0.27023983785609723,0.7633333333333333,183.2,0.4237198838567731
BGR,Bulgaria,High income,17780.0,42170.0,1.3498312710911136,1.0716983108082387,0.5691249703580744,0.27023983785609734,0.0,0.0,0.0
BHR,Bahrain,High income,28790.0,65500.0,0.8336227856894756,0.7092330763825144,0.366412213740458,0.2702398378560973,0.0,0.0,0.0
BHS,"Bahamas, The",High income,37020.0,39610.0,0.6482982171799028,0.5718190972842869,0.6059075990911386,0.2702398378560973,0.0,0.0,0.0
BIH,Bosnia and Herzegovina,Upper-middle income,9940.0,25810.0,2.414486921529175,1.763556080296521,0.9298721425803952,0.2702398378560973,0.17166666666666663,41.19999999999999,0.026648023179577825
BLR,Belarus,Upper-middle income,9160.0,34310.0,2.6200873362445414,1.8914238988805394,0.6995045176333431,0.2702398378560973,0.2366666666666667,56.79999999999998,0.04081824137830717
BLZ,Belize,Upper-middle income,7530.0,14230.0,3.187250996015936,2.2370792159151494,1.6865776528460998,0.2702398378560973,0.37250000000000005,89.4,0.08132895586601209
BMU,Bermuda,High income,139370.0,122530.0,0.1722034871206142,0.18370329889909093,0.19587039908593815,0.2702398378560973,0.0,0.0,0.0
BOL,Bolivia,Lower-middle income,4420.0,12530.0,5.429864253393665,3.530715543385133,1.9154030327214684,0.2702398378560973,0.6316666666666666,151.6,0.22232255694077016
BRA,Brazil,Upper-middle income,10550.0,22670.0,2.2748815165876777,1.6758447813746318,1.05866784296427,0.2702398378560973,0.12083333333333335,29.0,0.019003394742842298
BRB,Barbados,High income,27080.0,24840.0,0.8862629246676514,0.7474241280529069,0.966183574879227,0.2702398378560973,0.0,0.0,0.0
BRN,Brunei Darussalam,High income,34790.0,95420.0,0.6898534061511928,0.6030731141997291,0.2515195975686439,0.2702398378560973,0.0,0.0,0.0
BTN,Bhutan,Lower-middle income,4310.0,18520.0,5.568445475638051,3.6077598805087785,1.2958963282937366,0.2702398378560973,0.6408333333333334,153.8,0.26053779046274234
BWA,Botswana,Upper-middle income,7390.0,19960.0,3.2476319350473615,2.273330996308144,1.2024048096192386,0.2702398378560973,0.38416666666666666,92.19999999999999,0.07979906295513066
CAF,Central African Republic,Low income,560.0,1390.0,42.857142857142854,20.719779571091458,17.26618705035971,0.2702398378560973,0.9533333333333334,228.8,2.006877573104369
CAN,Canada,High income,56420.0,66820.0,0.42538107054236085,0.39857824641184875,0.35917390002993116,0.2702398378560973,0.0,0.0,0.0
CHE,Switzerland,High income,110330.0,101690.0,0.21752923049034714,0.2244065581274593,0.23601140721801553,0.2702398378560973,0.0,0.0,0.0
CHL,Chile,High income,16960.0,35730.0,1.4150943396226414,1.1159296074201648,0.6717044500419815,0.2702398378560973,0.0,0.0,0.0
CHN,China,Upper-middle income,14230.0,29160.0,1.6865776528460998,1.2969509399943642,0.823045267489712,0.27023983785609734,0.0,0.0,0.0
CIV,Cote d'Ivoire,Lower-middle income,2780.0,7750.0,8.633093525179856,5.252327510637783,3.096774193548387,0.2702398378560973,0.7683333333333333,184.4,0.3773642726529318
CMR,Cameroon,Lower-middle income,1860.0,5700.0,12.903225806451612,7.4104803204733845,4.2105263157894735,0.2702398378560973,0.845,202.8,0.6112894537635954
COD,"Congo, Dem. Rep.",Low income,720.0,1850.0,33.333333333333336,16.706976899446186,12.972972972972974,0.2702398378560973,0.94,225.6,1.5969448806934627
COG,"Congo, Rep.",Lower-middle income,2280.0,6490.0,10.526315789473685,6.224563921138963,3.6979969183359014,0.2702398378560973,0.81,194.4,0.4859622508476835
COL,Colombia,Upper-middle income,7900.0,22250.0,3.037974683544304,2.1470279497565286,1.0786516853932584,0.2702398378560973,0.3416666666666667,82.0,0.07245787342975292
COM,Comoros,Lower-middle income,1950.0,4260.0,12.307692307692308,7.116535274785986,5.633802816901408,0.27023983785609734,0.8375,201.0,0.6048126293509697
CPV,Cabo Verde,Upper-middle income,5590.0,12010.0,4.293381037567084,2.887380360894805,1.9983347210657785,0.2702398378560973,0.5341666666666667,128.2,0.1562962362028012
CRI,Costa Rica,High income,17930.0,30760.0,1.3385387618516453,1.0640141655649307,0.7802340702210663,0.2702398378560973,0.0,0.0,0.0
CUW,Curacao,High income,22570.0,33330.0,1.0633584404076208,0.8736441029675152,0.7200720072007201,0.2702398378560973,0.0,0.0,0.0
CYM,Cayman Islands,High income,81920.0,74470.0,0.29296875,0.28959435363064434,0.32227742715187324,0.2702398378560973,0.0,0.0,0.0
CYP,Cyprus,High income,36110.0,57390.0,0.6646358349487677,0.584140069370934,0.4181913225300575,0.2702398378560973,0.0,0.0,0.0
CZE,Czechia,High income,32960.0,57870.0,0.7281553398058253,0.6316416012083835,0.41472265422498705,0.2702398378560973,0.0,0.0,0.0
DEU,Germany,High income,60200.0,78140.0,0.39867109634551495,0.3770425260708078,0.3071410289224469,0.27023983785609723,0.0,0.0,0.0
DJI,Djibouti,Lower-middle income,3960.0,8660.0,6.0606060606060606,3.879208939099515,2.771362586605081,0.27023983785609723,0.6699999999999999,160.8,0.26891283698312984
DMA,Dominica,Upper-middle income,10690.0,22130.0,2.245088868101029,1.6570280307102339,1.0845006778129236,0.27023983785609723,0.10916666666666663,26.19999999999999,0.016957644870386805
DNK,Denmark,High income,77190.0,85460.0,0.3109211037699184,0.3047289626386831,0.28083313831032064,0.2702398378560973,0.0,0.0,0.0
DOM,Dominican Republic,Upper-middle income,10620.0,26980.0,2.2598870056497176,1.6663788402455733,0.8895478131949592,0.2702398378560973,0.11499999999999999,27.599999999999994,0.017051981587530962
DZA,Algeria,Upper-middle income,5850.0,18240.0,4.102564102564102,2.77710502407862,1.3157894736842106,0.27023983785609734,0.5125,123.0,0.13302622154307583
ECU,Ecuador,Upper-middle income,6890.0,16290.0,3.483309143686502,2.4139222119603803,1.4732965009208103,0.2702398378560973,0.4258333333333333,102.19999999999999,0.10013018121430692
EGY,"Egypt, Arab Rep.",Lower-middle income,3260.0,19330.0,7.361963190184049,4.582496164515252,1.2415933781686497,0.2702398378560973,0.7283333333333333,174.8,0.3387288497942698
ESP,Spain,High income,37120.0,59830.0,0.646551724137931,0.5704993664118406,0.4011365535684439,0.27023983785609723,0.0,0.0,0.0
EST,Estonia,High income,32310.0,51370.0,0.7428040854224698,0.6425102473077514,0.4671987541366556,0.27023983785609723,0.0,0.0,0.0
ETH,Ethiopia,Low income,1110.0,3620.0,21.62162162162162,11.531223145043946,6.629834254143646,0.2702398378560973,0.9075,217.8,1.1365734300906576
FIN,Finland,High income,55250.0,66300.0,0.4343891402714932,0.40579701256614914,0.36199095022624433,0.2702398378560973,0.0,0.0,0.0
FJI,Fiji,Upper-middle income,6230.0,15360.0,3.852327447833066,2.631364638788042,1.5625,0.2702398378560973,0.48083333333333333,115.39999999999999,0.12324758150933549
FRA,France,High income,48630.0,65110.0,0.4935225169648365,0.4526739346005815,0.36860697281523574,0.27023983785609734,0.0,0.0,0.0
FRO,Faroe Islands,High income,73120.0,83480.0,0.3282275711159737,0.3192007156970952,0.2874940105414471,0.27023983785609734,0.0,0.0,0.0
FSM,"Micronesia, Fed. Sts.",Upper-middle income,4760.0,5080.0,5.042016806722689,3.313561745161452,4.724409448818897,0.2702398378560973,0.6033333333333333,144.8,0.18958853370610318
GAB,Gabon,Upper-middle income,8090.0,21660.0,2.9666254635352285,2.1037635112360205,1.10803324099723,0.2702398378560973,0.3258333333333333,78.19999999999999,0.0576370277655349
GBR,United Kingdom,High income,54550.0,64210.0,0.4399633363886343,0.4102532143496782,0.3737735555209469,0.2702398378560973,0.0,0.0,0.0
GEO,Georgia,Upper-middle income,8990.0,27570.0,2.6696329254727473,1.9220184120287571,0.8705114254624592,0.2702398378560973,0.25083333333333335,60.19999999999999,0.04253548218075539
GHA,Ghana,Lower-middle income,2630.0,8080.0,9.125475285171103,5.507888957934338,2.9702970297029703,0.2702398378560973,0.7808333333333333,187.4,0.4331051133649595
GIN,Guinea,Lower-middle income,1730.0,4730.0,13.872832369942197,7.884953838590019,5.07399577167019,0.2702398378560973,0.8558333333333333,205.4,0.6646245515266026
GMB,"Gambia, The",Low income,930.0,3660.0,25.806451612903224,13.418142413545974,6.557377049180328,0.2702398378560973,0.9225,221.4,1.359152590968202
GNB,Guinea-Bissau,Low income,1090.0,3320.0,22.01834862385321,11.712216062807906,7.228915662650603,0.2702398378560973,0.9091666666666667,218.2,1.1698246253978457
GNQ,Equatorial Guinea,Upper-middle income,5890.0,14610.0,4.074702886247878,2.7609428515255794,1.6427104722792607,0.2702398378560973,0.5091666666666667,122.2,0.12271739815785186
GRC,Greece,High income,25360.0,44310.0,0.9463722397476341,0.7906388848135885,0.5416384563303994,0.2702398378560973,0.0,0.0,0.0
GRD,Grenada,Upper-middle income,11660.0,20170.0,2.058319039451115,1.5382262417401795,1.189885969261279,0.2702398378560973,0.02833333333333332,6.799999999999983,0.003986921673532004
GTM,Guatemala,Upper-middle income,6360.0,15020.0,3.7735849056603774,2.585226589241768,1.5978695073235685,0.2702398378560973,0.47,112.8,0.11352852100064409
GUY,Guyana,High income,28470.0,80300.0,0.8429926238145417,0.7160557312871775,0.298879202988792,0.27023983785609723,0.0,0.0,0.0
HKG,"Hong Kong SAR, China",High income,62500.0,88500.0,0.384,0.365125989782821,0.2711864406779661,0.27023983785609734,0.0,0.0,0.0
HND,Honduras,Lower-middle income,3270.0,7270.0,7.339449541284404,4.570490107223743,3.3012379642365888,0.2702398378560973,0.7275,174.6,0.3481067272271756
HRV,Croatia,High income,25360.0,50410.0,0.9463722397476341,0.7906388848135885,0.4760960126958937,0.2702398378560973,0.0,0.0,0.0
HTI,Haiti,Lower-middle income,2010.0,3130.0,11.940298507462687,6.934181778059995,7.667731629392971,0.2702398378560973,0.8325,199.8,0.6403661859556908
HUN,Hungary,High income,23850.0,48630.0,1.0062893081761006,0.8333250322180255,0.4935225169648365,0.27023983785609723,0.0,0.0,0.0
IDN,Indonesia,Upper-middle income,5120.0,17190.0,4.6875,3.1129650487637144,1.3961605584642234,0.2702398378560973,0.5733333333333333,137.6,0.1833143222551718
IMN,Isle of Man,High income,87030.0,,0.2757669769045157,0.2749671950552964,,0.2702398378560973,0.0,0.0,0.0
IND,India,Lower-middle income,2760.0,11600.0,8.695652173913043,5.284911048477685,2.0689655172413794,0.2702398378560973,0.77,184.8,0.4581711698641469
IRL,Ireland,High income,87360.0,106310.0,0.27472527472527475,0.27407727557464273,0.2257548678393378,0.2702398378560973,0.0,0.0,0.0
IRN,"Iran, Islamic Rep.",Upper-middle income,4650.0,19660.0,5.161290322580645,3.3805894796774623,1.2207527975584944,0.2702398378560973,0.6125,147.0,0.21938444734366083
IRQ,Iraq,Upper-middle income,5690.0,14290.0,4.21792618629174,2.8438599247782306,1.6794961511546536,0.2702398378560973,0.5258333333333334,126.2,0.13423735292181505
ISL,Iceland,High income,89220.0,83250.0,0.26899798251513113,0.26917578040421125,0.2882882882882883,0.27023983785609723,0.0,0.0,0.0
ISR,Israel,High income,56180.0,58870.0,0.42719829120683517,0.40003625778306834,0.4076779344317989,0.2702398378560973,0.0,0.0,0.0
ITA,Italy,High income,42080.0,62870.0,0.5703422053231939,0.512390443726896,0.3817400986161921,0.2702398378560973,0.0,0.0,0.0
JAM,Jamaica,Upper-middle income,7790.0,13090.0,3.0808729139922977,2.172970094500997,1.8334606569900687,0.2702398378560973,0.35083333333333333,84.19999999999999,0.0790506591579869
JOR,Jordan,Upper-middle income,5260.0,12440.0,4.562737642585551,3.0418594073737157,1.9292604501607717,0.2702398378560973,0.5616666666666666,134.8,0.16670659656769196
JPN,Japan,High income,38340.0,58920.0,0.6259780907668232,0.5549140406502426,0.4073319755600815,0.2702398378560973,0.0,0.0,0.0
KAZ,Kazakhstan,Upper-middle income,13740.0,41090.0,1.7467248908296944,1.3364681355250272,0.5840837186663421,0.2702398378560973,0.0,0.0,0.0
KEN,Kenya,Lower-middle income,2200.0,6910.0,10.909090909090908,6.41794239973979,3.4732272069464543,0.2702398378560973,0.8166666666666667,196.0,0.5409711842788957
KGZ,Kyrgyz Republic,Lower-middle income,2800.0,9120.0,8.571428571428571,5.220176286738126,2.6315789473684212,0.2702398378560973,0.7666666666666666,184.0,0.40825800860707273
KHM,Cambodia,Lower-middle income,2750.0,8390.0,8.727272727272727,5.301367740679532,2.860548271752086,0.2702398378560973,0.7708333333333334,185.0,0.43139041713511367
KIR,Kiribati,Lower-middle income,3930.0,6080.0,6.106870229007634,3.9045593732058355,3.9473684210526314,0.2702398378560973,0.6725,161.39999999999998,0.2515882278720586
KNA,St. Kitts and Nevis,High income,24530.0,36430.0,0.9783938035059111,0.8134984250638148,0.6587976942080702,0.2702398378560973,0.0,0.0,0.0
KOR,"Korea, Rep.",High income,37880.0,64210.0,0.6335797254487856,0.5606810089118269,0.3737735555209469,0.2702398378560973,0.0,0.0,0.0
KWT,Kuwait,High income,41110.0,64040.0,0.5837995621503284,0.5227286901482954,0.3747657713928795,0.2702398378560973,0.0,0.0,0.0
LAO,Lao PDR,Lower-middle income,2150.0,9800.0,11.162790697674419,6.545574338239226,2.4489795918367347,0.2702398378560973,0.8208333333333333,197.0,0.5988092555223846
LBN,Lebanon,Lower-middle income,3560.0,11790.0,6.741573033707865,4.249661150135564,2.035623409669211,0.2702398378560973,0.7033333333333334,168.8,0.30331521585784765
LBR,Liberia,Low income,830.0,1840.0,28.91566265060241,14.791422041045342,13.043478260869565,0.2702398378560973,0.9308333333333333,223.4,1.5499304616595153
LBY,Libya,Upper-middle income,7250.0,17150.0,3.310344827586207,2.310880641307219,1.3994169096209912,0.2702398378560973,0.39583333333333337,95.0,0.08905263358884415
LCA,St. Lucia,Upper-middle income,13410.0,26180.0,1.7897091722595078,1.3645893662263273,0.9167303284950343,0.2702398378560973,0.0,0.0,0.0
LKA,Sri Lanka,Upper-middle income,4670.0,16750.0,5.139186295503212,3.368184677376318,1.4328358208955223,0.2702398378560973,0.6108333333333333,146.6,0.20663527855959793
LSO,Lesotho,Lower-middle income,1280.0,3900.0,18.75,10.20625281682695,6.153846153846154,0.2702398378560973,0.8933333333333333,214.4,1.038792358224112
LTU,Lithuania,High income,30500.0,55010.0,0.7868852459016393,0.6750337739341329,0.43628431194328304,0.27023983785609734,0.0,0.0,0.0
LUX,Luxembourg,High income,95720.0,106640.0,0.25073129962390306,0.2534408768904842,0.2250562640660165,0.2702398378560973,0.0,0.0,0.0
LVA,Latvia,High income,24980.0,45740.0,0.9607686148919136,0.800929672649151,0.524704853519895,0.2702398378560973,0.0,0.0,0.0
MAC,"Macao SAR, China",High income,69920.0,125630.0,0.34324942791762014,0.3316733864513182,0.1910371726498448,0.2702398378560973,0.0,0.0,0.0
MAR,Morocco,Lower-middle income,4360.0,10960.0,5.504587155963303,3.5722923879544894,2.18978102189781,0.2702398378560973,0.6366666666666667,152.8,0.23253013388953656
MDA,Moldova,Upper-middle income,8050.0,19990.0,2.981366459627329,2.11271421532542,1.2006003001500751,0.2702398378560973,0.3291666666666667,79.0,0.06242275717528674
MDG,Madagascar,Low income,560.0,1910.0,42.857142857142854,20.719779571091458,12.565445026178011,0.2702398378560973,0.9533333333333334,228.8,2.352939963116045
MDV,Maldives,Upper-middle income,12950.0,25600.0,1.8532818532818534,1.4060034020988588,0.9375,0.2702398378560973,0.0,0.0,0.0
MEX,Mexico,Upper-middle income,13730.0,25070.0,1.7479970866715222,1.3373018475785003,0.9573195053849222,0.2702398378560973,0.0,0.0,0.0
MHL,Marshall Islands,Upper-middle income,9710.0,10590.0,2.47167868177137,1.7992765097176593,2.26628895184136,0.2702398378560973,0.1908333333333333,45.79999999999998,0.02888027648848182
MKD,North Macedonia,Upper-middle income,9490.0,26680.0,2.528977871443625,1.8349453212013669,0.8995502248875562,0.2702398378560973,0.2091666666666666,50.19999999999999,0.034355271097734445
MLI,Mali,Low income,1120.0,3400.0,21.428571428571427,11.442978768887818,7.0588235294117645,0.2702398378560973,0.9066666666666666,217.6,1.0072357546297221
MLT,Malta,High income,41440.0,64900.0,0.5791505791505791,0.5191611409658188,0.3697996918335901,0.2702398378560973,0.0,0.0,0.0
MMR,Myanmar,Lower-middle income,1320.0,5890.0,18.181818181818183,9.940757376479139,4.074702886247878,0.2702398378560973,0.89,213.6,1.1068225205420956
MNE,Montenegro,Upper-middle income,14150.0,35700.0,1.696113074204947,1.3032290946923315,0.6722689075630253,0.2702398378560973,0.0,0.0,0.0
MNG,Mongolia,Upper-middle income,6210.0,18460.0,3.864734299516908,2.638621852429374,1.3001083423618636,0.27023983785609734,0.48250000000000004,115.8,0.11749450281065728
MOZ,Mozambique,Low income,570.0,1540.0,42.10526315789474,20.408026450176205,15.584415584415584,0.2702398378560973,0.9525,228.6,2.1294929302857417
MRT,Mauritania,Lower-middle income,2210.0,7640.0,10.85972850678733,6.393059819884348,3.141361256544503,0.2702398378560973,0.8158333333333333,195.8,0.4816917971397727
MUS,Mauritius,Upper-middle income,14040.0,37000.0,1.7094017094017093,1.3119699440508872,0.6486486486486487,0.2702398378560973,0.0,0.0,0.0
MWI,Malawi,Low income,600.0,1880.0,40.0,19.53080984551673,12.76595744680851,0.2702398378560973,0.95,228.0,2.1768278889383024
MYS,Malaysia,Upper-middle income,12380.0,40070.0,1.938610662358643,1.4612721096766514,0.5989518342899925,0.2702398378560973,0.0,0.0,0.0
NAM,Namibia,Lower-middle income,4340.0,11260.0,5.529953917050691,3.586388347093888,2.1314387211367674,0.2702398378560973,0.6383333333333333,153.2,0.21023102010362432
NCL,New Caledonia,High income,30070.0,,0.7981376787495843,0.683293543881108,,0.2702398378560973,0.0,0.0,0.0
NER,Niger,Low income,750.0,2150.0,32.0,16.132897245784964,11.162790697674419,0.2702398378560973,0.9375,225.0,1.5346690794137985
NGA,Nigeria,Lower-middle income,1360.0,9230.0,17.647058823529413,9.689790218673382,2.600216684723727,0.2702398378560973,0.8866666666666667,212.8,0.8826621701431616
NIC,Nicaragua,Lower-middle income,2850.0,8780.0,8.421052631578947,5.141632678514176,2.733485193621868,0.2702398378560973,0.7625,183.0,0.42372392811078907
NLD,Netherlands,High income,68530.0,85480.0,0.35021158616664233,0.3374273609498639,0.28076743097800655,0.2702398378560973,0.0,0.0,0.0
NOR,Norway,High income,97310.0,107770.0,0.24663446716678655,0.24988964617227452,0.22269648325136865,0.2702398378560973,0.0,0.0,0.0
NPL,Nepal,Lower-middle income,1570.0,6250.0,15.286624203821656,8.568395982979846,3.84,0.2702398378560973,0.8691666666666666,208.6,0.8679333130325386
NRU,Naoero,High income,20690.0,20200.0,1.1599806669888835,0.9412114620551411,1.188118811881188,0.27023983785609723,0.0,0.0,0.0
NZL,New Zealand,High income,46630.0,53600.0,0.5146901136607335,0.4692539160989623,0.44776119402985076,0.2702398378560973,0.0,0.0,0.0
OMN,Oman,High income,19520.0,39390.0,1.2295081967213115,0.9893302090904526,0.6092916984006093,0.2702398378560973,0.0,0.0,0.0
PAK,Pakistan,Lower-middle income,1500.0,6430.0,16.0,8.909766632929552,3.7325038880248833,0.2702398378560973,0.875,210.0,0.8315165051969334
PAN,Panama,High income,19140.0,41770.0,1.2539184952978057,1.0061305991808536,0.5745750538664113,0.2702398378560973,0.0,0.0,0.0
PER,Peru,Upper-middle income,8430.0,17540.0,2.8469750889679717,2.0308726309650824,1.3683010262257698,0.2702398378560973,0.2975,71.4,0.05667904086588239
PHL,Philippines,Upper-middle income,4850.0,14460.0,4.948453608247423,3.2608231784457633,1.6597510373443984,0.2702398378560973,0.5958333333333333,143.0,0.1979507220296251
PLW,Palau,High income,19890.0,23480.0,1.2066365007541477,0.9735452981869247,1.0221465076660987,0.2702398378560973,0.0,0.0,0.0
PNG,Papua New Guinea,Lower-middle income,2890.0,4840.0,8.304498269896193,5.080616203675826,4.958677685950414,0.2702398378560973,0.7591666666666667,182.2,0.39886244925292047
POL,Poland,High income,25520.0,52290.0,0.9404388714733543,0.7863910863872488,0.4589787722317843,0.2702398378560973,0.0,0.0,0.0
PRI,Puerto Rico (US),High income,27320.0,35330.0,0.8784773060029283,0.74179653303312,0.6793093688083781,0.2702398378560973,0.0,0.0,0.0
PRT,Portugal,High income,29930.0,52240.0,0.8018710324089542,0.6860302858516922,0.45941807044410415,0.2702398378560973,0.0,0.0,0.0
PRY,Paraguay,Upper-middle income,6750.0,19390.0,3.5555555555555554,2.456743203139755,1.2377514182568334,0.2702398378560973,0.4375,105.0,0.10097144537993478
PSE,West Bank and Gaza,Lower-middle income,3250.0,5310.0,7.384615384615385,4.594570790688553,4.519774011299435,0.2702398378560973,0.7291666666666667,175.0,0.3153092694763333
PYF,French Polynesia,High income,24100.0,,0.995850622406639,0.8259151315139485,,0.27023983785609723,0.0,0.0,0.0
QAT,Qatar,High income,74330.0,126290.0,0.3228844342795641,0.3147447098349882,0.19003879958824926,0.2702398378560973,0.0,0.0,0.0
ROU,Romania,High income,20190.0,49550.0,1.188707280832095,0.9611414327451577,0.4843592330978809,0.2702398378560973,0.0,0.0,0.0
RUS,Russian Federation,High income,15960.0,49220.0,1.5037593984962405,1.1755567116459005,0.48760666395774077,0.2702398378560973,0.0,0.0,0.0
RWA,Rwanda,Low income,1150.0,4070.0,20.869565217391305,11.186805834300973,5.896805896805897,0.2702398378560973,0.9041666666666667,217.0,1.112481381278673
SAU,Saudi Arabia,High income,36070.0,74400.0,0.6653728860548933,0.5846948828540506,0.3225806451612903,0.27023983785609723,0.0,0.0,0.0
SDN,Sudan,Low income,900.0,2140.0,26.666666666666668,13.800346413609626,11.214953271028037,0.2702398378560973,0.925,222.0,1.3911912668541118
SEN,Senegal,Lower-middle income,1780.0,5100.0,13.48314606741573,7.694853242413031,4.705882352941177,0.2702398378560973,0.8516666666666667,204.4,0.6730390021626902
SGP,Singapore,High income,81760.0,135750.0,0.29354207436399216,0.29007970802060556,0.17679558011049723,0.27023983785609723,0.0,0.0,0.0
SLB,Solomon Islands,Lower-middle income,2020.0,2790.0,11.881188118811881,6.904768121335354,8.602150537634408,0.2702398378560973,0.8316666666666667,199.6,0.5906350018054229
SLE,Sierra Leone,Low income,830.0,3690.0,28.91566265060241,14.791422041045342,6.504065040650406,0.2702398378560973,0.9308333333333333,223.4,1.589790604649562
SLV,El Salvador,Upper-middle income,5410.0,13140.0,4.436229205175601,2.969473185754827,1.82648401826484,0.2702398378560973,0.5491666666666667,131.8,0.16397424177025374
SMR,San Marino,High income,53910.0,71920.0,0.44518642181413465,0.4144213805103547,0.3337041156840934,0.2702398378560973,0.0,0.0,0.0
SOM,"Somalia, Fed. Rep.",Low income,640.0,1640.0,37.5,18.48044227666074,14.634146341463415,0.2702398378560973,0.9466666666666667,227.2,1.804416985644022
SRB,Serbia,Upper-middle income,13480.0,31780.0,1.7804154302670623,1.3585174905020765,0.7551919446192574,0.2702398378560973,0.0,0.0,0.0
STP,Sao Tome and Principe,Lower-middle income,3800.0,6920.0,6.315789473684211,4.018697086792554,3.468208092485549,0.27023983785609734,0.6833333333333333,164.0,0.25290554338763405
SUR,Suriname,Upper-middle income,6140.0,21000.0,3.9087947882736156,2.6643674968753857,1.1428571428571428,0.2702398378560973,0.4883333333333333,117.2,0.12688018644434937
SVK,Slovak Republic,High income,26410.0,47920.0,0.9087466868610374,0.7636362840188226,0.5008347245409015,0.2702398378560973,0.0,0.0,0.0
SVN,Slovenia,High income,35520.0,58880.0,0.6756756756756757,0.5924411047102017,0.4076086956521739,0.2702398378560973,0.0,0.0,0.0
SWE,Sweden,High income,63010.0,76090.0,0.380891921917156,0.3625931543417222,0.3154159547903798,0.2702398378560973,0.0,0.0,0.0
SWZ,Eswatini,Lower-middle income,3730.0,11390.0,6.434316353887399,4.083209654353073,2.1071115013169446,0.2702398378560973,0.6891666666666667,165.39999999999998,0.27784662787127495
SXM,Sint Maarten (Dutch part),High income,38950.0,52060.0,0.6161745827984596,0.5474617584702266,0.4610065309258548,0.2702398378560973,0.0,0.0,0.0
SYC,Seychelles,High income,19200.0,34930.0,1.25,1.0034368787439434,0.6870884626395648,0.2702398378560973,0.0,0.0,0.0
SYR,Syrian Arab Republic,Low income,720.0,4740.0,33.333333333333336,16.706976899446186,5.063291139240507,0.2702398378560973,0.94,225.6,2.090562581177901
TCA,Turks and Caicos Islands,High income,36760.0,37500.0,0.6528835690968444,0.5752815783145498,0.64,0.2702398378560973,0.0,0.0,0.0
TCD,Chad,Low income,970.0,2770.0,24.742268041237114,12.942769317838447,8.664259927797834,0.2702398378560973,0.9191666666666667,220.6,1.1807657111020695
TGO,Togo,Lower-middle income,1350.0,4090.0,17.77777777777778,9.751237283145507,5.8679706601467,0.2702398378560973,0.8875,213.0,0.8850996928094095
THA,Thailand,Upper-middle income,7690.0,25570.0,3.120936280884265,2.197151126276761,0.9385999217833398,0.2702398378560973,0.35916666666666663,86.19999999999999,0.07798173453030856
TJK,Tajikistan,Lower-middle income,2080.0,8240.0,11.538461538461538,6.733807783484814,2.912621359223301,0.2702398378560973,0.8266666666666667,198.4,0.5729284194398845
TKM,Turkmenistan,Upper-middle income,6340.0,22830.0,3.7854889589905363,2.592210390677633,1.0512483574244416,0.2702398378560973,0.4716666666666667,113.2,0.11422430400545565
TLS,Timor-Leste,Lower-middle income,1510.0,5120.0,15.894039735099337,8.859202001960105,4.6875,0.27023983785609723,0.8741666666666666,209.8,0.8566461717525375
TON,Tonga,Upper-middle income,6840.0,9240.0,3.508771929824561,2.4290286031939012,2.5974025974025974,0.2702398378560973,0.43000000000000005,103.19999999999999,0.08785438369883182
TTO,Trinidad and Tobago,High income,18550.0,36080.0,1.2938005390835579,1.0334790718003881,0.6651884700665188,0.2702398378560973,0.0,0.0,0.0
TUN,Tunisia,Lower-middle income,4300.0,14870.0,5.5813953488372094,3.6149452230250168,1.6139878950907869,0.2702398378560973,0.6416666666666666,154.0,0.23816809685075013
TUR,Turkiye,Upper-middle income,16300.0,44630.0,1.4723926380368098,1.154521829249886,0.5377548734035402,0.2702398378560973,0.0,0.0,0.0
TUV,Tuvalu,Upper-middle income,9780.0,11000.0,2.4539877300613497,1.788240011454032,2.1818181818181817,0.2702398378560973,0.18500000000000005,44.400000000000006,0.027209610159281694
TZA,Tanzania,Lower-middle income,1270.0,4370.0,18.89763779527559,10.275049686179612,5.491990846681922,0.2702398378560973,0.8941666666666667,214.6,0.9229108565457861
UGA,Uganda,Low income,1120.0,3410.0,21.428571428571427,11.442978768887818,7.038123167155425,0.2702398378560973,0.9066666666666666,217.6,1.0619722153029196
UKR,Ukraine,Upper-middle income,5510.0,18750.0,4.3557168784029034,2.923251325072407,1.28,0.2702398378560973,0.5408333333333333,129.8,0.1586195479387045
URY,Uruguay,High income,24020.0,36330.0,0.9991673605328892,0.828270720245863,0.6606110652353427,0.2702398378560973,0.0,0.0,0.0
USA,United States,High income,88810.0,89490.0,0.2702398378560973,0.2702398378560973,0.2681863895407308,0.2702398378560973,0.0,0.0,0.0
UZB,Uzbekistan,Lower-middle income,3670.0,13640.0,6.539509536784741,4.140322149349985,1.7595307917888563,0.2702398378560973,0.6941666666666666,166.6,0.2843558660701856
VCT,St. Vincent and the Grenadines,Upper-middle income,12000.0,22340.0,2.0,1.5008186333277782,1.0743061772605194,0.2702398378560973,0.0,0.0,0.0
VEN,"Venezuela, RB",Lower-middle income,3860.0,,6.217616580310881,3.9651313928159304,,0.2702398378560973,0.6783333333333333,162.8,0.2744223821780073
VNM,Viet Nam,Upper-middle income,4970.0,17580.0,4.82897384305835,3.193267590808742,1.3651877133105803,0.2702398378560973,0.5858333333333333,140.6,0.1913785169635149
VUT,Vanuatu,Lower-middle income,4410.0,4970.0,5.442176870748299,3.5375720713269034,4.82897384305835,0.2702398378560973,0.6325000000000001,151.8,0.19847443394532432
WSM,Samoa,Upper-middle income,5640.0,9300.0,4.25531914893617,2.8654410694578747,2.5806451612903225,0.2702398378560973,0.53,127.2,0.12600441120742398
XKX,Kosovo,Upper-middle income,7760.0,19650.0,3.0927835051546393,2.1801636517934355,1.2213740458015268,0.2702398378560973,0.3533333333333334,84.79999999999998,0.0759523469123068
ZAF,South Africa,Upper-middle income,6270.0,15600.0,3.827751196172249,2.6169791923819594,1.5384615384615385,0.2702398378560973,0.47750000000000004,114.6,0.12317504863030972
ZMB,Zambia,Lower-middle income,1200.0,3990.0,20.0,10.786342665211096,6.015037593984962,0.2702398378560973,0.9,216.0,1.026520751191688
ZWE,Zimbabwe,Lower-middle income,2660.0,6390.0,9.022556390977444,5.4546379068243755,3.755868544600939,0.2702398378560973,0.7783333333333333,186.8,0.39435124265147753
