geographic_region,soc_code,percentage_of_total,non_negligible_ai_use,intensive_ai_use,saturation_tier,full_automation_pct,non_routine_cognitive_pct
GLOBAL,13-0000,,42.99,28.35,,7.37,79.55
GLOBAL,15-0000,,46.36,30.26,,15.94,89.45
GLOBAL,27-0000,,37.63,23.11,,3.45,87.24
GLOBAL,43-0000,,38.45,23.87,,30.3,6.23
GLOBAL,11-0000,,32.5,17.1,,1.82,57.46
GLOBAL,17-0000,,27.95,13.75,,5.83,90.63
GLOBAL,25-0000,,14.17,6.63,,4.56,60.83
GLOBAL,19-0000,,25.07,11.79,,2.2,91.06
GLOBAL,29-0000,,17.18,6.65,,7.63,53.18
GLOBAL,49-0000,,18.96,9.81,,0.64,30.61
GLOBAL,41-0000,,38.96,19.35,,5.84,23.12
GLOBAL,23-0000,,22.76,16.26,,4.42,94.15
GLOBAL,51-0000,,11.04,3.34,,10.16,28.11
GLOBAL,47-0000,,13.55,3.83,,2.02,24.58
GLOBAL,53-0000,,12.18,3.6,,15.95,33.17
GLOBAL,21-0000,,13.64,6.44,,,29.71
GLOBAL,39-0000,,12.36,4.95,,1.73,29.51
GLOBAL,33-0000,,11.56,3.78,,9.46,57.19
GLOBAL,35-0000,,11.11,3.17,,7.36,45.34
GLOBAL,31-0000,,11.57,4.48,,18.11,8.12
GLOBAL,45-0000,,13.22,3.45,,3.15,43.71
GLOBAL,37-0000,,9.52,1.19,,2.57,9.31
US,13-0000,,,,,8.86,84.31
US,15-0000,,,,,20.43,87.94
US,43-0000,,,,,35.65,6.26
US,27-0000,,,,,3.32,85.81
US,11-0000,,,,,1.68,55.88
US,17-0000,,,,,7.31,90.42
US,19-0000,,,,,1.87,91.7
US,25-0000,,,,,5.89,60.16
US,29-0000,,,,,14.46,37.38
US,49-0000,,,,,,25.65
US,41-0000,,,,,9.18,19.95
US,23-0000,,,,,2.04,94.35
US,33-0000,,,,,16.98,53.59
US,47-0000,,,,,,25.36
US,53-0000,,,,,23.17,38.3
US,51-0000,,,,,9.59,28.26
US,21-0000,,,,,,27.95
US,39-0000,,,,,2.75,28.8
US,35-0000,,,,,5.87,48.74
US,31-0000,,,,,6.49,17.39
US,37-0000,,,,,,6.14
US,45-0000,,,,,,49.6
GLOBAL,15-1250,7.07,63.95,48.3,5.0,,
GLOBAL,27-1020,4.77,30.43,19.57,4.0,,
GLOBAL,13-2050,4.4,54.76,40.48,5.0,,
GLOBAL,15-1240,3.89,47.86,33.57,5.0,,
GLOBAL,13-1160,3.06,67.35,55.1,5.0,,
GLOBAL,43-9020,2.99,64.29,50.0,5.0,,
GLOBAL,43-6010,2.8,51.22,31.71,5.0,,
GLOBAL,13-2010,2.33,79.31,68.97,5.0,,
GLOBAL,13-1070,2.15,75.93,51.85,5.0,,
GLOBAL,27-3040,1.77,47.22,33.33,5.0,,
GLOBAL,13-1020,1.68,39.22,29.41,4.0,,
GLOBAL,15-1290,1.63,40.47,21.86,4.0,,
GLOBAL,27-3030,1.48,77.78,66.67,5.0,,
GLOBAL,13-1040,1.45,33.33,19.44,4.0,,
GLOBAL,25-9030,1.33,80.0,53.33,5.0,,
GLOBAL,43-9060,1.33,85.0,65.0,5.0,,
GLOBAL,15-1230,1.3,33.33,30.95,4.0,,
GLOBAL,23-1010,1.18,40.0,25.0,4.0,,
GLOBAL,27-3090,1.13,32.26,19.35,4.0,,
GLOBAL,43-3030,1.13,78.57,75.0,5.0,,
GLOBAL,13-2090,1.1,40.91,29.55,4.0,,
GLOBAL,13-1190,1.08,33.7,27.17,4.0,,
GLOBAL,27-1010,1.06,47.95,30.14,5.0,,
GLOBAL,49-3020,0.89,50.91,30.91,5.0,,
GLOBAL,27-2010,0.86,31.68,19.8,4.0,,
GLOBAL,19-5010,0.81,41.67,29.17,4.0,,
GLOBAL,19-3090,0.8,33.33,18.18,4.0,,
GLOBAL,27-4030,0.8,58.14,30.23,5.0,,
GLOBAL,15-1210,0.8,64.0,42.0,5.0,,
GLOBAL,27-4020,0.78,60.71,39.29,5.0,,
GLOBAL,43-4050,0.76,84.62,61.54,5.0,,
GLOBAL,29-1140,0.76,25.55,11.68,4.0,,
GLOBAL,49-2090,0.74,27.82,10.53,4.0,,
GLOBAL,17-3010,0.72,42.47,26.03,5.0,,
GLOBAL,17-2070,0.72,34.92,25.4,4.0,,
GLOBAL,13-1050,0.71,57.14,28.57,5.0,,
GLOBAL,29-1210,0.66,19.0,8.33,3.0,,
GLOBAL,43-3050,0.62,80.95,52.38,5.0,,
GLOBAL,11-3010,0.61,42.11,31.58,4.0,,
GLOBAL,17-2140,0.6,32.08,13.21,4.0,,
GLOBAL,43-9030,0.58,83.33,55.56,5.0,,
GLOBAL,43-4020,0.58,17.65,17.65,3.0,,
GLOBAL,17-2110,0.57,34.85,18.94,4.0,,
GLOBAL,11-3060,0.56,77.78,44.44,5.0,,
GLOBAL,29-2070,0.53,64.71,52.94,5.0,,
GLOBAL,17-3020,0.53,22.76,10.57,3.0,,
GLOBAL,25-4020,0.53,36.67,23.33,4.0,,
GLOBAL,13-1140,0.52,54.55,36.36,5.0,,
GLOBAL,11-1020,0.52,64.71,35.29,5.0,,
GLOBAL,41-2030,0.49,75.0,41.67,5.0,,
GLOBAL,11-3070,0.49,48.33,26.67,5.0,,
GLOBAL,17-2050,0.49,27.14,11.43,4.0,,
GLOBAL,49-9040,0.47,44.12,41.18,5.0,,
GLOBAL,11-2020,0.47,32.43,13.51,4.0,,
GLOBAL,11-9010,0.46,56.67,26.67,5.0,,
GLOBAL,23-2010,0.45,41.67,41.67,4.0,,
GLOBAL,11-9020,0.44,52.0,40.0,5.0,,
GLOBAL,41-3030,0.44,53.33,26.67,5.0,,
GLOBAL,11-3120,0.43,65.38,57.69,5.0,,
GLOBAL,11-9050,0.43,53.57,28.57,5.0,,
GLOBAL,11-3030,0.42,45.76,28.81,5.0,,
GLOBAL,43-4160,0.41,52.63,42.11,5.0,,
GLOBAL,27-4010,0.4,29.07,15.12,4.0,,
GLOBAL,17-2190,0.39,20.27,11.49,3.0,,
GLOBAL,43-3060,0.38,84.21,68.42,5.0,,
GLOBAL,19-1010,0.38,46.94,24.49,5.0,,
GLOBAL,19-3050,0.37,60.0,40.0,5.0,,
GLOBAL,13-1080,0.36,40.78,22.33,4.0,,
GLOBAL,41-9020,0.35,52.0,42.0,5.0,,
GLOBAL,25-2020,0.35,26.03,13.7,4.0,,
GLOBAL,11-9030,0.35,43.42,23.68,5.0,,
GLOBAL,43-5010,0.34,41.82,23.64,4.0,,
GLOBAL,13-2040,0.33,36.36,27.27,4.0,,
GLOBAL,11-9140,0.33,62.96,33.33,5.0,,
GLOBAL,27-2040,0.32,28.81,10.17,4.0,,
GLOBAL,27-3020,0.32,50.0,50.0,5.0,,
GLOBAL,25-2010,0.31,18.31,8.45,3.0,,
GLOBAL,43-5070,0.3,81.82,54.55,5.0,,
GLOBAL,53-3030,0.3,24.53,11.32,3.0,,
GLOBAL,41-3090,0.29,80.0,46.67,5.0,,
GLOBAL,41-4010,0.29,43.14,21.57,5.0,,
GLOBAL,15-1220,0.28,46.67,40.0,5.0,,
GLOBAL,49-9020,0.27,40.0,20.0,4.0,,
GLOBAL,19-3030,0.27,31.13,13.21,4.0,,
GLOBAL,11-9110,0.26,77.78,50.0,5.0,,
GLOBAL,49-3030,0.24,50.0,38.46,5.0,,
GLOBAL,35-1010,0.24,29.79,8.51,4.0,,
GLOBAL,19-1040,0.23,46.67,26.67,5.0,,
GLOBAL,29-1120,0.23,15.65,6.12,3.0,,
GLOBAL,13-1150,0.23,40.0,35.0,4.0,,
GLOBAL,19-1020,0.22,25.0,9.29,3.0,,
GLOBAL,47-2110,0.22,52.38,38.1,5.0,,
GLOBAL,17-1010,0.22,23.26,6.98,3.0,,
GLOBAL,25-3040,0.21,36.84,26.32,4.0,,
GLOBAL,41-3040,0.21,75.0,25.0,5.0,,
GLOBAL,21-2010,0.2,23.81,19.05,3.0,,
GLOBAL,13-2030,0.2,84.62,76.92,5.0,,
GLOBAL,29-1130,0.2,47.62,23.81,5.0,,
GLOBAL,49-2010,0.2,24.0,12.0,3.0,,
GLOBAL,13-2020,0.19,45.24,26.19,5.0,,
GLOBAL,45-2090,0.19,22.22,4.76,3.0,,
GLOBAL,27-3010,0.18,54.17,29.17,5.0,,
GLOBAL,29-2010,0.18,17.89,10.53,3.0,,
GLOBAL,29-1030,0.18,14.29,7.14,3.0,,
GLOBAL,15-2040,0.17,38.64,13.64,4.0,,
GLOBAL,31-9090,0.17,15.71,6.43,3.0,,
GLOBAL,39-5090,0.17,24.19,11.29,3.0,,
GLOBAL,13-1120,0.17,52.38,23.81,5.0,,
GLOBAL,33-3020,0.16,26.87,11.94,4.0,,
GLOBAL,25-1080,0.16,14.29,4.08,2.0,,
GLOBAL,17-2130,0.16,52.38,23.81,5.0,,
GLOBAL,21-1010,0.16,10.26,5.13,2.0,,
GLOBAL,19-4010,0.16,18.75,7.81,3.0,,
GLOBAL,25-1020,0.16,16.33,14.29,3.0,,
GLOBAL,29-1020,0.16,24.56,12.28,3.0,,
GLOBAL,25-1120,0.15,8.46,3.08,2.0,,
GLOBAL,17-2040,0.15,57.14,42.86,5.0,,
GLOBAL,39-5010,0.15,25.0,15.0,4.0,,
GLOBAL,25-4030,0.15,22.58,22.58,3.0,,
GLOBAL,43-1010,0.15,50.0,28.57,5.0,,
GLOBAL,53-3050,0.14,9.59,4.11,2.0,,
GLOBAL,11-2010,0.14,20.0,10.0,3.0,,
GLOBAL,51-9150,0.14,11.11,7.41,2.0,,
GLOBAL,51-9060,0.14,41.94,16.13,4.0,,
GLOBAL,25-4010,0.14,23.08,11.54,3.0,,
GLOBAL,47-2150,0.14,20.45,9.09,3.0,,
GLOBAL,51-1010,0.14,60.0,35.0,5.0,,
GLOBAL,13-2070,0.13,16.98,5.66,3.0,,
GLOBAL,49-3050,0.13,20.0,12.5,3.0,,
GLOBAL,11-9190,0.13,15.7,5.79,3.0,,
GLOBAL,43-4070,0.13,47.37,42.11,5.0,,
GLOBAL,17-2060,0.13,44.44,27.78,5.0,,
GLOBAL,51-3010,0.13,38.89,16.67,4.0,,
GLOBAL,19-2030,0.12,25.0,14.29,4.0,,
GLOBAL,51-5110,0.11,23.81,7.94,3.0,,
GLOBAL,43-3020,0.11,35.71,10.71,4.0,,
GLOBAL,17-1020,0.11,31.48,7.41,4.0,,
GLOBAL,53-6050,0.11,29.55,15.91,4.0,,
GLOBAL,41-1010,0.11,28.21,12.82,4.0,,
GLOBAL,33-9030,0.11,18.18,9.09,3.0,,
GLOBAL,21-2020,0.1,15.79,10.53,3.0,,
GLOBAL,25-1070,0.1,17.65,9.8,3.0,,
GLOBAL,51-7010,0.1,40.0,15.0,4.0,,
GLOBAL,25-1050,0.1,8.74,2.91,2.0,,
GLOBAL,29-2030,0.1,9.16,1.53,2.0,,
GLOBAL,49-3040,0.1,14.81,9.26,3.0,,
GLOBAL,13-2080,0.1,36.36,18.18,4.0,,
GLOBAL,49-2020,0.1,10.14,5.8,2.0,,
GLOBAL,11-9080,0.1,41.67,16.67,4.0,,
GLOBAL,11-1030,0.1,20.0,13.33,3.0,,
GLOBAL,39-9030,0.1,13.64,9.09,2.0,,
GLOBAL,27-2020,0.09,26.92,9.62,4.0,,
GLOBAL,15-2050,0.09,37.04,20.37,4.0,,
GLOBAL,23-1020,0.09,9.09,7.27,2.0,,
GLOBAL,25-9040,0.09,21.79,2.56,3.0,,
GLOBAL,25-2050,0.09,5.48,2.74,1.0,,
GLOBAL,43-4040,0.09,31.25,12.5,4.0,,
GLOBAL,17-2010,0.09,43.75,18.75,5.0,,
GLOBAL,19-2040,0.09,11.48,4.1,2.0,,
GLOBAL,25-2030,0.08,12.31,3.08,2.0,,
GLOBAL,17-2020,0.08,42.86,28.57,5.0,,
GLOBAL,11-1010,0.08,12.24,2.04,2.0,,
GLOBAL,43-9070,0.08,22.22,11.11,3.0,,
GLOBAL,29-2050,0.08,11.88,1.98,2.0,,
GLOBAL,19-4030,0.08,56.25,25.0,5.0,,
GLOBAL,13-1030,0.08,33.33,8.33,4.0,,
GLOBAL,11-9150,0.08,56.25,18.75,5.0,,
GLOBAL,49-1010,0.08,31.82,13.64,4.0,,
GLOBAL,19-2010,0.08,40.74,22.22,4.0,,
GLOBAL,43-4030,0.08,36.67,13.33,4.0,,
GLOBAL,11-2030,0.08,22.22,5.56,3.0,,
GLOBAL,47-2030,0.07,20.69,10.34,3.0,,
GLOBAL,43-5020,0.07,33.33,13.33,4.0,,
GLOBAL,21-1090,0.07,16.07,5.36,3.0,,
GLOBAL,43-4130,0.07,27.78,16.67,4.0,,
GLOBAL,41-2010,0.07,21.43,7.14,3.0,,
GLOBAL,43-4140,0.06,40.0,13.33,4.0,,
GLOBAL,33-9020,0.06,28.57,14.29,4.0,,
GLOBAL,43-3070,0.06,21.43,10.71,3.0,,
GLOBAL,43-9040,0.06,48.0,32.0,5.0,,
GLOBAL,41-2020,0.06,11.43,2.86,2.0,,
GLOBAL,25-3010,0.06,16.22,8.11,3.0,,
GLOBAL,51-9160,0.06,13.95,4.65,2.0,,
GLOBAL,19-4090,0.06,14.08,4.23,2.0,,
GLOBAL,11-9040,0.06,24.32,10.81,3.0,,
GLOBAL,25-1040,0.06,10.0,4.0,2.0,,
GLOBAL,11-9170,0.06,13.24,2.94,2.0,,
GLOBAL,11-3130,0.06,33.33,16.67,4.0,,
GLOBAL,53-5020,0.06,20.0,10.0,3.0,,
GLOBAL,11-3110,0.06,22.73,4.55,3.0,,
GLOBAL,43-4180,0.06,9.52,9.52,2.0,,
GLOBAL,47-2060,0.06,33.33,7.41,4.0,,
GLOBAL,25-1060,0.05,4.65,0.58,1.0,,
GLOBAL,41-3020,0.05,47.37,10.53,5.0,,
GLOBAL,17-3030,0.05,30.0,3.33,4.0,,
GLOBAL,51-6090,0.05,18.75,12.5,3.0,,
GLOBAL,51-4040,0.05,24.14,10.34,3.0,,
GLOBAL,29-1290,0.05,8.57,1.43,2.0,,
GLOBAL,29-1240,0.05,13.73,1.96,2.0,,
GLOBAL,31-1130,0.05,9.09,3.03,2.0,,
GLOBAL,43-4080,0.05,25.0,15.0,4.0,,
GLOBAL,11-3020,0.05,47.06,11.76,5.0,,
GLOBAL,11-9070,0.05,11.11,5.56,2.0,,
GLOBAL,33-1010,0.05,16.28,4.65,3.0,,
GLOBAL,43-9110,0.05,21.43,14.29,3.0,,
GLOBAL,43-5060,0.04,47.06,23.53,5.0,,
GLOBAL,29-2040,0.04,28.0,8.0,4.0,,
GLOBAL,51-9070,0.04,15.91,2.27,3.0,,
GLOBAL,49-9030,0.04,13.79,3.45,2.0,,
GLOBAL,37-2010,0.04,9.76,2.44,2.0,,
GLOBAL,11-9160,0.04,34.78,21.74,4.0,,
GLOBAL,15-2020,0.04,58.33,25.0,5.0,,
GLOBAL,45-2010,0.04,31.25,12.5,4.0,,
GLOBAL,47-2140,0.04,23.53,5.88,3.0,,
GLOBAL,19-4020,0.04,35.29,11.76,4.0,,
GLOBAL,43-4170,0.04,27.78,11.11,4.0,,
GLOBAL,19-3010,0.04,17.65,5.88,3.0,,
GLOBAL,51-2020,0.04,25.0,12.5,4.0,,
GLOBAL,47-2040,0.04,12.82,2.56,2.0,,
GLOBAL,47-2020,0.04,16.67,3.33,3.0,,
GLOBAL,17-2080,0.04,10.34,6.9,2.0,,
GLOBAL,47-2050,0.04,17.31,0.0,3.0,,
GLOBAL,21-1020,0.04,13.73,3.92,2.0,,
GLOBAL,35-3020,0.04,6.52,4.35,1.0,,
GLOBAL,45-2020,0.04,19.05,4.76,3.0,,
GLOBAL,35-2010,0.04,8.0,2.0,2.0,,
GLOBAL,49-9090,0.04,6.19,1.03,1.0,,
GLOBAL,37-3010,0.04,10.0,1.67,2.0,,
GLOBAL,29-2090,0.04,8.0,2.67,2.0,,
GLOBAL,29-9090,0.03,5.66,1.89,1.0,,
GLOBAL,17-2030,0.03,23.33,6.67,3.0,,
GLOBAL,29-1050,0.03,35.0,10.0,4.0,,
GLOBAL,13-1110,0.03,45.45,9.09,5.0,,
GLOBAL,51-3090,0.03,4.92,0.0,1.0,,
GLOBAL,31-9010,0.03,21.43,7.14,3.0,,
GLOBAL,17-2120,0.03,16.67,6.67,3.0,,
GLOBAL,41-9040,0.03,50.0,8.33,5.0,,
GLOBAL,31-1120,0.03,11.54,3.85,2.0,,
GLOBAL,43-3010,0.03,40.0,6.67,4.0,,
GLOBAL,49-9060,0.03,1.35,1.35,1.0,,
GLOBAL,49-9010,0.03,7.02,1.75,1.0,,
GLOBAL,43-4150,0.03,36.84,15.79,4.0,,
GLOBAL,53-5030,0.03,23.53,5.88,3.0,,
GLOBAL,51-6030,0.03,11.54,3.85,2.0,,
GLOBAL,19-3040,0.03,26.67,13.33,4.0,,
GLOBAL,47-2230,0.03,15.38,3.85,3.0,,
GLOBAL,53-2010,0.03,10.42,0.0,2.0,,
GLOBAL,49-9050,0.03,14.29,2.38,3.0,,
GLOBAL,15-2030,0.03,23.53,17.65,3.0,,
GLOBAL,29-1070,0.03,14.29,7.14,3.0,,
GLOBAL,51-8090,0.03,9.68,0.0,2.0,,
GLOBAL,19-1030,0.03,9.09,1.82,2.0,,
GLOBAL,51-6050,0.03,9.09,0.0,2.0,,
GLOBAL,47-2080,0.03,4.76,2.38,1.0,,
GLOBAL,47-2180,0.03,18.52,3.7,3.0,,
GLOBAL,29-1170,0.03,25.93,0.0,4.0,,
GLOBAL,53-1040,0.03,13.04,0.0,2.0,,
GLOBAL,29-9020,0.03,43.75,18.75,5.0,,
GLOBAL,51-9140,0.03,20.0,5.0,3.0,,
GLOBAL,15-2010,0.03,33.33,13.33,4.0,,
GLOBAL,47-4010,0.03,10.0,2.5,2.0,,
GLOBAL,43-9080,0.03,27.27,27.27,4.0,,
GLOBAL,49-9070,0.03,18.52,7.41,3.0,,
GLOBAL,19-2090,0.02,12.5,4.17,2.0,,
GLOBAL,33-1090,0.02,9.52,4.76,2.0,,
GLOBAL,41-9030,0.02,20.0,4.0,3.0,,
GLOBAL,37-1010,0.02,9.26,0.0,2.0,,
GLOBAL,27-2090,0.02,15.79,5.26,3.0,,
GLOBAL,43-5030,0.02,16.67,0.0,3.0,,
GLOBAL,51-9080,0.02,11.76,5.88,2.0,,
GLOBAL,51-2040,0.02,4.35,4.35,1.0,,
GLOBAL,51-9010,0.02,17.39,0.0,3.0,,
GLOBAL,41-9010,0.02,6.45,0.0,1.0,,
GLOBAL,49-3090,0.02,5.45,0.0,1.0,,
GLOBAL,47-2070,0.02,6.52,2.17,1.0,,
GLOBAL,11-9120,0.02,11.43,2.86,2.0,,
GLOBAL,29-1160,0.02,19.05,0.0,3.0,,
GLOBAL,39-7010,0.02,8.33,0.0,2.0,,
GLOBAL,51-9190,0.02,3.28,0.0,1.0,,
GLOBAL,19-4060,0.02,18.18,9.09,3.0,,
GLOBAL,25-1190,0.02,4.65,2.33,1.0,,
GLOBAL,43-5110,0.02,22.22,11.11,3.0,,
GLOBAL,43-2010,0.02,5.26,5.26,1.0,,
GLOBAL,33-2020,0.02,10.87,2.17,2.0,,
GLOBAL,35-3010,0.02,10.0,0.0,2.0,,
GLOBAL,33-3050,0.02,4.88,2.44,1.0,,
GLOBAL,29-1040,0.02,30.0,10.0,4.0,,
GLOBAL,47-5010,0.02,2.56,0.0,1.0,,
GLOBAL,53-7060,0.02,7.25,0.0,1.0,,
GLOBAL,35-3030,0.02,12.0,4.0,2.0,,
GLOBAL,47-4090,0.02,9.38,0.0,2.0,,
GLOBAL,47-4020,0.02,20.0,0.0,3.0,,
GLOBAL,49-3010,0.02,5.26,2.63,1.0,,
GLOBAL,13-2060,0.01,29.41,5.88,4.0,,
GLOBAL,51-6010,0.01,8.7,0.0,2.0,,
GLOBAL,53-4030,0.01,5.0,0.0,1.0,,
GLOBAL,47-2160,0.01,13.33,6.67,2.0,,
GLOBAL,53-7020,0.01,18.18,0.0,3.0,,
GLOBAL,29-2060,0.01,13.64,0.0,2.0,,
GLOBAL,43-4120,0.01,9.38,6.25,2.0,,
GLOBAL,51-4070,0.01,3.45,0.0,1.0,,
GLOBAL,29-2080,0.01,9.52,0.0,2.0,,
GLOBAL,39-6010,0.01,22.22,0.0,3.0,,
GLOBAL,51-8010,0.01,4.84,0.0,1.0,,
GLOBAL,33-1020,0.01,6.67,0.0,1.0,,
GLOBAL,25-1110,0.01,13.04,4.35,2.0,,
GLOBAL,13-1010,0.01,14.29,7.14,2.0,,
GLOBAL,25-1030,0.01,4.35,0.0,1.0,,
GLOBAL,53-7050,0.01,11.11,11.11,2.0,,
GLOBAL,39-2020,0.01,4.55,0.0,1.0,,
GLOBAL,51-7020,0.01,4.55,0.0,1.0,,
GLOBAL,39-2010,0.01,13.33,6.67,2.0,,
GLOBAL,53-4010,0.01,7.14,0.0,1.0,,
GLOBAL,37-2020,0.01,7.69,0.0,2.0,,
GLOBAL,17-2160,0.01,10.0,0.0,2.0,,
GLOBAL,51-9110,0.01,5.0,0.0,1.0,,
GLOBAL,23-2090,0.01,12.5,6.25,2.0,,
GLOBAL,43-5050,0.01,10.53,0.0,2.0,,
GLOBAL,33-3010,0.01,7.41,0.0,2.0,,
GLOBAL,33-2010,0.01,6.67,0.0,1.0,,
GLOBAL,51-4190,0.01,2.7,0.0,1.0,,
GLOBAL,47-1010,0.01,13.33,0.0,2.0,,
GLOBAL,43-9050,0.01,3.85,0.0,1.0,,
GLOBAL,51-9120,0.01,3.45,0.0,1.0,,
GLOBAL,35-9020,0.01,7.69,0.0,2.0,,
GLOBAL,47-2130,0.01,20.0,0.0,3.0,,
GLOBAL,31-2010,0.01,0.0,0.0,1.0,,
GLOBAL,51-4030,0.01,1.89,0.0,1.0,,
GLOBAL,25-1010,0.01,8.0,0.0,2.0,,
GLOBAL,39-1020,0.01,5.88,0.0,1.0,,
GLOBAL,27-2030,0.01,11.11,5.56,2.0,,
GLOBAL,47-3010,0.01,0.0,0.0,1.0,,
GLOBAL,15-2090,0.01,15.79,15.79,3.0,,
GLOBAL,51-8020,0.01,8.0,0.0,2.0,,
GLOBAL,13-1130,0.0,0.0,0.0,1.0,,
GLOBAL,17-2170,0.0,4.35,0.0,1.0,,
GLOBAL,53-6060,0.0,0.0,0.0,1.0,,
GLOBAL,45-4020,0.0,0.0,0.0,1.0,,
GLOBAL,29-1180,0.0,9.09,0.0,2.0,,
GLOBAL,47-2120,0.0,3.7,0.0,1.0,,
GLOBAL,53-2020,0.0,8.0,0.0,2.0,,
GLOBAL,39-1010,0.0,5.26,0.0,1.0,,
GLOBAL,53-2030,0.0,0.0,0.0,1.0,,
GLOBAL,43-3040,0.0,5.88,0.0,1.0,,
GLOBAL,19-4070,0.0,10.0,0.0,2.0,,
GLOBAL,51-6040,0.0,0.0,0.0,1.0,,
GLOBAL,19-4040,0.0,2.44,0.0,1.0,,
GLOBAL,33-9090,0.0,6.38,0.0,1.0,,
GLOBAL,11-3050,0.0,2.08,0.0,1.0,,
GLOBAL,39-9010,0.0,2.33,0.0,1.0,,
GLOBAL,35-9030,0.0,5.0,0.0,1.0,,
GLOBAL,51-8030,0.0,12.5,0.0,2.0,,
GLOBAL,43-5040,0.0,8.33,0.0,2.0,,
GLOBAL,39-3010,0.0,5.56,0.0,1.0,,
GLOBAL,47-4030,0.0,0.0,0.0,1.0,,
GLOBAL,25-3020,0.0,3.33,0.0,1.0,,
GLOBAL,35-2020,0.0,0.0,0.0,1.0,,
GLOBAL,31-2020,0.0,0.0,0.0,1.0,,
GLOBAL,53-6030,0.0,7.14,0.0,1.0,,
GLOBAL,25-9020,0.0,13.33,0.0,2.0,,
GLOBAL,51-9030,0.0,4.0,0.0,1.0,,
GLOBAL,51-2010,0.0,0.0,0.0,1.0,,
GLOBAL,47-4040,0.0,4.76,0.0,1.0,,
GLOBAL,19-3020,0.0,6.25,0.0,1.0,,
GLOBAL,51-6060,0.0,2.38,0.0,1.0,,
GLOBAL,43-4110,0.0,6.25,0.0,1.0,,
GLOBAL,33-3030,0.0,0.0,0.0,1.0,,
GLOBAL,43-4010,0.0,0.0,0.0,1.0,,
GLOBAL,53-6020,0.0,6.67,0.0,1.0,,
GLOBAL,53-4040,0.0,10.0,0.0,2.0,,
GLOBAL,53-6040,0.0,0.0,0.0,1.0,,
GLOBAL,33-9010,0.0,0.0,0.0,1.0,,
GLOBAL,51-3020,0.0,0.0,0.0,1.0,,
GLOBAL,45-2040,0.0,0.0,0.0,1.0,,
GLOBAL,33-3040,0.0,4.55,0.0,1.0,,
US,15-1250,9.22,,,,,
US,13-2050,8.11,,,,,
US,15-1240,5.22,,,,,
US,13-1160,5.17,,,,,
US,13-2010,3.03,,,,,
US,43-9020,2.83,,,,,
US,13-1040,2.41,,,,,
US,27-3040,2.32,,,,,
US,15-1290,2.19,,,,,
US,43-6010,1.98,,,,,
US,27-1020,1.84,,,,,
US,13-2090,1.68,,,,,
US,13-2040,1.64,,,,,
US,27-3090,1.61,,,,,
US,13-1070,1.46,,,,,
US,27-3030,1.37,,,,,
US,13-1020,1.29,,,,,
US,15-1210,1.23,,,,,
US,29-2070,1.06,,,,,
US,15-1230,0.98,,,,,
US,13-1190,0.96,,,,,
US,43-9060,0.94,,,,,
US,43-4050,0.88,,,,,
US,25-9030,0.86,,,,,
US,27-3020,0.85,,,,,
US,27-1010,0.78,,,,,
US,43-9030,0.77,,,,,
US,49-3020,0.77,,,,,
US,23-1010,0.77,,,,,
US,19-3090,0.72,,,,,
US,27-4020,0.71,,,,,
US,43-3030,0.64,,,,,
US,15-1220,0.62,,,,,
US,29-1140,0.6,,,,,
US,11-3010,0.56,,,,,
US,19-5010,0.56,,,,,
US,27-2010,0.52,,,,,
US,25-4020,0.51,,,,,
US,43-3050,0.5,,,,,
US,13-1050,0.48,,,,,
US,11-2020,0.48,,,,,
US,43-4040,0.47,,,,,
US,17-3010,0.45,,,,,
US,27-4030,0.44,,,,,
US,13-1080,0.43,,,,,
US,11-3030,0.43,,,,,
US,17-2070,0.42,,,,,
US,11-1020,0.42,,,,,
US,43-4020,0.42,,,,,
US,11-3060,0.42,,,,,
US,17-2110,0.41,,,,,
US,11-3070,0.41,,,,,
US,49-2090,0.39,,,,,
US,29-1210,0.39,,,,,
US,17-2140,0.39,,,,,
US,53-3030,0.38,,,,,
US,11-3120,0.38,,,,,
US,41-9020,0.38,,,,,
US,11-9020,0.37,,,,,
US,41-3030,0.36,,,,,
US,43-5010,0.35,,,,,
US,17-3020,0.34,,,,,
US,11-9050,0.33,,,,,
US,27-4010,0.33,,,,,
US,41-3090,0.32,,,,,
US,11-9140,0.32,,,,,
US,23-2010,0.32,,,,,
US,13-1140,0.31,,,,,
US,33-3020,0.3,,,,,
US,13-2020,0.29,,,,,
US,43-4160,0.29,,,,,
US,17-2190,0.29,,,,,
US,11-9110,0.29,,,,,
US,33-9030,0.27,,,,,
US,49-9040,0.27,,,,,
US,19-1020,0.27,,,,,
US,41-4010,0.27,,,,,
US,43-3060,0.27,,,,,
US,19-3030,0.27,,,,,
US,19-2010,0.26,,,,,
US,49-9020,0.26,,,,,
US,19-3050,0.26,,,,,
US,41-2030,0.25,,,,,
US,25-2010,0.25,,,,,
US,19-1040,0.25,,,,,
US,43-5070,0.25,,,,,
US,25-2020,0.24,,,,,
US,25-1120,0.24,,,,,
US,11-9030,0.24,,,,,
US,49-3030,0.23,,,,,
US,15-2050,0.23,,,,,
US,17-2050,0.22,,,,,
US,15-2040,0.2,,,,,
US,13-1150,0.2,,,,,
US,31-9090,0.19,,,,,
US,35-1010,0.18,,,,,
US,47-2150,0.17,,,,,
US,41-3040,0.17,,,,,
US,43-1010,0.17,,,,,
US,13-1120,0.17,,,,,
US,19-1010,0.16,,,,,
US,27-3010,0.16,,,,,
US,13-2030,0.16,,,,,
US,11-9190,0.15,,,,,
US,21-1010,0.15,,,,,
US,27-2040,0.15,,,,,
US,29-1120,0.15,,,,,
US,29-2010,0.15,,,,,
US,43-4070,0.14,,,,,
US,11-9010,0.14,,,,,
US,25-4010,0.14,,,,,
US,47-2030,0.13,,,,,
US,17-2060,0.13,,,,,
US,47-2110,0.13,,,,,
US,39-5090,0.12,,,,,
US,13-1030,0.12,,,,,
US,13-2070,0.12,,,,,
US,39-5010,0.12,,,,,
US,29-1130,0.12,,,,,
US,43-5020,0.12,,,,,
US,19-2030,0.11,,,,,
US,21-2010,0.11,,,,,
US,49-2010,0.11,,,,,
US,53-3050,0.11,,,,,
US,13-2080,0.11,,,,,
US,25-1020,0.11,,,,,
US,17-2040,0.1,,,,,
US,25-4030,0.1,,,,,
US,27-2020,0.1,,,,,
US,33-9020,0.1,,,,,
US,17-1010,0.1,,,,,
US,29-1030,0.1,,,,,
US,49-3040,0.1,,,,,
US,17-2010,0.09,,,,,
US,25-1080,0.09,,,,,
US,53-6050,0.09,,,,,
US,15-2020,0.09,,,,,
US,49-1010,0.09,,,,,
US,19-2040,0.09,,,,,
US,17-2130,0.09,,,,,
US,11-1010,0.09,,,,,
US,29-1020,0.09,,,,,
US,51-9060,0.09,,,,,
US,23-1020,0.08,,,,,
US,25-2050,0.08,,,,,
US,51-5110,0.08,,,,,
US,43-9040,0.08,,,,,
US,11-3110,0.08,,,,,
US,49-3050,0.08,,,,,
US,41-1010,0.08,,,,,
US,21-1090,0.08,,,,,
US,51-1010,0.08,,,,,
US,39-9030,0.08,,,,,
US,49-2020,0.07,,,,,
US,17-1020,0.07,,,,,
US,11-2030,0.07,,,,,
US,11-9150,0.07,,,,,
US,25-3040,0.07,,,,,
US,11-9080,0.07,,,,,
US,11-2010,0.07,,,,,
US,25-2030,0.06,,,,,
US,11-3020,0.06,,,,,
US,43-4170,0.06,,,,,
US,29-2030,0.06,,,,,
US,45-2090,0.06,,,,,
US,43-3020,0.06,,,,,
US,51-3010,0.06,,,,,
US,11-9160,0.06,,,,,
US,11-1030,0.06,,,,,
US,43-4030,0.06,,,,,
US,21-2020,0.06,,,,,
US,11-3130,0.06,,,,,
US,25-1070,0.06,,,,,
US,11-9040,0.06,,,,,
US,19-4010,0.05,,,,,
US,41-3020,0.05,,,,,
US,19-4020,0.05,,,,,
US,37-3010,0.05,,,,,
US,43-4130,0.05,,,,,
US,37-2010,0.05,,,,,
US,29-2050,0.05,,,,,
US,25-9040,0.05,,,,,
US,11-9170,0.05,,,,,
US,29-9020,0.05,,,,,
US,43-9110,0.05,,,,,
US,41-2010,0.05,,,,,
US,51-7010,0.05,,,,,
US,49-9030,0.05,,,,,
US,51-9150,0.05,,,,,
US,43-4180,0.05,,,,,
US,51-4040,0.05,,,,,
US,33-1010,0.04,,,,,
US,53-5020,0.04,,,,,
US,19-3010,0.04,,,,,
US,11-9070,0.04,,,,,
US,43-5060,0.04,,,,,
US,15-2030,0.04,,,,,
US,31-9010,0.04,,,,,
US,43-5030,0.04,,,,,
US,49-9090,0.04,,,,,
US,43-4140,0.04,,,,,
US,29-2040,0.04,,,,,
US,47-2060,0.04,,,,,
US,19-4090,0.04,,,,,
US,47-4090,0.04,,,,,
US,43-9070,0.04,,,,,
US,47-2140,0.04,,,,,
US,19-4030,0.04,,,,,
US,21-1020,0.04,,,,,
US,51-9160,0.04,,,,,
US,47-4010,0.04,,,,,
US,13-1110,0.04,,,,,
US,43-4080,0.03,,,,,
US,47-2180,0.03,,,,,
US,17-2030,0.03,,,,,
US,53-2010,0.03,,,,,
US,43-9080,0.03,,,,,
US,47-2040,0.03,,,,,
US,25-1050,0.03,,,,,
US,29-1070,0.03,,,,,
US,37-1010,0.03,,,,,
US,49-9070,0.03,,,,,
US,25-1110,0.03,,,,,
US,35-3020,0.03,,,,,
US,17-3030,0.03,,,,,
US,25-3010,0.03,,,,,
US,51-9070,0.03,,,,,
US,43-4150,0.03,,,,,
US,15-2010,0.03,,,,,
US,35-3010,0.03,,,,,
US,53-1040,0.03,,,,,
US,41-2020,0.03,,,,,
US,25-1190,0.03,,,,,
US,17-2020,0.03,,,,,
US,17-2080,0.03,,,,,
US,25-1040,0.03,,,,,
US,31-1130,0.03,,,,,
US,43-5110,0.03,,,,,
US,43-3070,0.02,,,,,
US,17-2120,0.02,,,,,
US,45-2020,0.02,,,,,
US,49-3010,0.02,,,,,
US,49-9050,0.02,,,,,
US,47-2070,0.02,,,,,
US,29-9090,0.02,,,,,
US,29-2090,0.02,,,,,
US,41-9030,0.02,,,,,
US,51-2040,0.02,,,,,
US,49-9010,0.02,,,,,
US,43-2010,0.02,,,,,
US,47-2050,0.02,,,,,
US,29-1050,0.02,,,,,
US,53-5030,0.02,,,,,
US,27-2090,0.02,,,,,
US,25-1060,0.02,,,,,
US,29-1240,0.02,,,,,
US,51-9140,0.02,,,,,
US,49-9060,0.02,,,,,
US,51-2020,0.02,,,,,
US,19-1030,0.02,,,,,
US,29-1170,0.02,,,,,
US,35-2010,0.02,,,,,
US,13-2060,0.02,,,,,
US,11-9120,0.02,,,,,
US,19-3040,0.02,,,,,
US,33-3050,0.02,,,,,
US,27-2030,0.02,,,,,
US,51-8090,0.02,,,,,
US,37-2020,0.02,,,,,
US,19-2090,0.02,,,,,
US,35-3030,0.02,,,,,
US,33-2020,0.02,,,,,
US,33-3010,0.02,,,,,
US,13-1010,0.02,,,,,
US,19-4060,0.01,,,,,
US,47-2080,0.01,,,,,
US,29-1290,0.01,,,,,
US,41-9040,0.01,,,,,
US,33-1090,0.01,,,,,
US,51-9080,0.01,,,,,
US,51-3090,0.01,,,,,
US,49-3090,0.01,,,,,
US,39-7010,0.01,,,,,
US,47-2020,0.01,,,,,
US,43-3010,0.01,,,,,
US,39-6010,0.01,,,,,
US,43-5050,0.01,,,,,
US,53-7060,0.01,,,,,
US,31-1120,0.01,,,,,
US,29-2060,0.01,,,,,
US,43-4120,0.01,,,,,
US,39-2010,0.01,,,,,
US,43-9050,0.01,,,,,
US,45-2010,0.01,,,,,
US,51-8010,0.01,,,,,
US,47-2230,0.01,,,,,
US,23-2090,0.01,,,,,
US,25-1010,0.01,,,,,
US,53-2020,0.01,,,,,
US,51-6090,0.01,,,,,
US,53-7050,0.01,,,,,
US,33-1020,0.01,,,,,
US,47-4020,0.01,,,,,
US,17-2160,0.01,,,,,
US,25-1030,0.01,,,,,
US,51-9190,0.01,,,,,
US,15-2090,0.01,,,,,
US,29-1160,0.01,,,,,
US,29-2080,0.01,,,,,
US,53-4030,0.01,,,,,
US,47-2160,0.01,,,,,
US,39-2020,0.01,,,,,
US,43-3040,0.01,,,,,
US,29-1040,0.01,,,,,
US,51-6030,0.01,,,,,
US,39-9010,0.01,,,,,
US,51-8030,0.01,,,,,
US,53-4040,0.01,,,,,
US,47-4040,0.0,,,,,
US,33-2010,0.0,,,,,
US,29-1180,0.0,,,,,
US,51-8020,0.0,,,,,
US,39-1020,0.0,,,,,
US,19-4070,0.0,,,,,
US,47-1010,0.0,,,,,
US,51-6060,0.0,,,,,
US,39-3010,0.0,,,,,
US,35-9030,0.0,,,,,
US,11-3050,0.0,,,,,
US,25-3020,0.0,,,,,
US,43-5040,0.0,,,,,
US,33-9090,0.0,,,,,
US,25-9020,0.0,,,,,
US,19-4040,0.0,,,,,
US,19-3020,0.0,,,,,
