iso3,iso2,country_wb,region,region_id,income_group_current,income_id_current,lending,capital
ABW,AW,Aruba,Latin America & Caribbean ,LCN,High income,HIC,Not classified,Oranjestad
AFE,ZH,Africa Eastern and Southern,Aggregates,NA,Aggregates,NA,Aggregates,
AFG,AF,Afghanistan,"Middle East, North Africa, Afghanistan & Pakistan",MEA,Low income,LIC,IDA,Kabul
AFR,A9,Africa,Aggregates,NA,Aggregates,NA,Aggregates,
AFW,ZI,Africa Western and Central,Aggregates,NA,Aggregates,NA,Aggregates,
AGO,AO,Angola,Sub-Saharan Africa ,SSF,Lower middle income,LMC,IBRD,Luanda
ALB,AL,Albania,Europe & Central Asia,ECS,Upper middle income,UMC,IBRD,Tirane
AND,AD,Andorra,Europe & Central Asia,ECS,High income,HIC,Not classified,Andorra la Vella
ARB,1A,Arab World,Aggregates,NA,Aggregates,NA,Aggregates,
ARE,AE,United Arab Emirates,"Middle East, North Africa, Afghanistan & Pakistan",MEA,High income,HIC,Not classified,Abu Dhabi
ARG,AR,Argentina,Latin America & Caribbean ,LCN,Upper middle income,UMC,IBRD,Buenos Aires
ARM,AM,Armenia,Europe & Central Asia,ECS,Upper middle income,UMC,IBRD,Yerevan
ASM,AS,American Samoa,East Asia & Pacific,EAS,High income,HIC,Not classified,Pago Pago
ATG,AG,Antigua and Barbuda,Latin America & Caribbean ,LCN,High income,HIC,IBRD,Saint John's
AUS,AU,Australia,East Asia & Pacific,EAS,High income,HIC,Not classified,Canberra
AUT,AT,Austria,Europe & Central Asia,ECS,High income,HIC,Not classified,Vienna
AZE,AZ,Azerbaijan,Europe & Central Asia,ECS,Upper middle income,UMC,IBRD,Baku
BDI,BI,Burundi,Sub-Saharan Africa ,SSF,Low income,LIC,IDA,Bujumbura
BEA,B4,East Asia & Pacific (IBRD-only countries),Aggregates,NA,Aggregates,NA,Aggregates,
BEC,B7,Europe & Central Asia (IBRD-only countries),Aggregates,NA,Aggregates,NA,Aggregates,
BEL,BE,Belgium,Europe & Central Asia,ECS,High income,HIC,Not classified,Brussels
BEN,BJ,Benin,Sub-Saharan Africa ,SSF,Lower middle income,LMC,IDA,Porto-Novo
BFA,BF,Burkina Faso,Sub-Saharan Africa ,SSF,Low income,LIC,IDA,Ouagadougou
BGD,BD,Bangladesh,South Asia,SAS,Lower middle income,LMC,IDA,Dhaka
BGR,BG,Bulgaria,Europe & Central Asia,ECS,High income,HIC,IBRD,Sofia
BHI,B1,IBRD countries classified as high income,Aggregates,NA,Aggregates,NA,Aggregates,
BHR,BH,Bahrain,"Middle East, North Africa, Afghanistan & Pakistan",MEA,High income,HIC,Not classified,Manama
BHS,BS,"Bahamas, The",Latin America & Caribbean ,LCN,High income,HIC,Not classified,Nassau
BIH,BA,Bosnia and Herzegovina,Europe & Central Asia,ECS,Upper middle income,UMC,IBRD,Sarajevo
BLA,B2,Latin America & the Caribbean (IBRD-only countries),Aggregates,NA,Aggregates,NA,Aggregates,
BLR,BY,Belarus,Europe & Central Asia,ECS,Upper middle income,UMC,IBRD,Minsk
BLZ,BZ,Belize,Latin America & Caribbean ,LCN,Upper middle income,UMC,Blend,Belmopan
BMN,B3,"Middle East, North Africa, Afghanistan & Pakistan (IBRD only)",Aggregates,NA,Aggregates,NA,Aggregates,
BMU,BM,Bermuda,North America,NAC,High income,HIC,Not classified,Hamilton
BOL,BO,Bolivia,Latin America & Caribbean ,LCN,Lower middle income,LMC,IBRD,La Paz
BRA,BR,Brazil,Latin America & Caribbean ,LCN,Upper middle income,UMC,IBRD,Brasilia
BRB,BB,Barbados,Latin America & Caribbean ,LCN,High income,HIC,IBRD,Bridgetown
BRN,BN,Brunei Darussalam,East Asia & Pacific,EAS,High income,HIC,Not classified,Bandar Seri Begawan
BSS,B6,Sub-Saharan Africa (IBRD-only countries),Aggregates,NA,Aggregates,NA,Aggregates,
BTN,BT,Bhutan,South Asia,SAS,Lower middle income,LMC,IDA,Thimphu
BWA,BW,Botswana,Sub-Saharan Africa ,SSF,Upper middle income,UMC,IBRD,Gaborone
CAA,C9,Sub-Saharan Africa (IFC classification),Aggregates,NA,Aggregates,NA,Aggregates,
CAF,CF,Central African Republic,Sub-Saharan Africa ,SSF,Low income,LIC,IDA,Bangui
CAN,CA,Canada,North America,NAC,High income,HIC,Not classified,Ottawa
CEA,C4,East Asia and the Pacific (IFC classification),Aggregates,NA,Aggregates,NA,Aggregates,
CEB,B8,Central Europe and the Baltics,Aggregates,NA,Aggregates,NA,Aggregates,
CEU,C5,Europe and Central Asia (IFC classification),Aggregates,NA,Aggregates,NA,Aggregates,
CHE,CH,Switzerland,Europe & Central Asia,ECS,High income,HIC,Not classified,Bern
CHI,JG,Channel Islands,Europe & Central Asia,ECS,High income,HIC,Not classified,
CHL,CL,Chile,Latin America & Caribbean ,LCN,High income,HIC,IBRD,Santiago
CHN,CN,China,East Asia & Pacific,EAS,Upper middle income,UMC,IBRD,Beijing
CIV,CI,Cote d'Ivoire,Sub-Saharan Africa ,SSF,Lower middle income,LMC,Blend,Yamoussoukro
CLA,C6,Latin America and the Caribbean (IFC classification),Aggregates,NA,Aggregates,NA,Aggregates,
CME,C7,Middle East and North Africa (IFC classification),Aggregates,NA,Aggregates,NA,Aggregates,
CMR,CM,Cameroon,Sub-Saharan Africa ,SSF,Lower middle income,LMC,Blend,Yaounde
COD,CD,"Congo, Dem. Rep.",Sub-Saharan Africa ,SSF,Low income,LIC,IDA,Kinshasa
COG,CG,"Congo, Rep.",Sub-Saharan Africa ,SSF,Lower middle income,LMC,Blend,Brazzaville
COL,CO,Colombia,Latin America & Caribbean ,LCN,Upper middle income,UMC,IBRD,Bogota
COM,KM,Comoros,Sub-Saharan Africa ,SSF,Lower middle income,LMC,IDA,Moroni
CPV,CV,Cabo Verde,Sub-Saharan Africa ,SSF,Upper middle income,UMC,Blend,Praia
CRI,CR,Costa Rica,Latin America & Caribbean ,LCN,High income,HIC,IBRD,San Jose
CSA,C8,South Asia (IFC classification),Aggregates,NA,Aggregates,NA,Aggregates,
CSS,S3,Caribbean small states,Aggregates,NA,Aggregates,NA,Aggregates,
CUB,CU,Cuba,Latin America & Caribbean ,LCN,Upper middle income,UMC,Not classified,Havana
CUW,CW,Curacao,Latin America & Caribbean ,LCN,High income,HIC,Not classified,Willemstad
CYM,KY,Cayman Islands,Latin America & Caribbean ,LCN,High income,HIC,Not classified,George Town
CYP,CY,Cyprus,Europe & Central Asia,ECS,High income,HIC,Not classified,Nicosia
CZE,CZ,Czechia,Europe & Central Asia,ECS,High income,HIC,Not classified,Prague
DEA,D4,East Asia & Pacific (IDA-eligible countries),Aggregates,NA,Aggregates,NA,Aggregates,
DEC,D7,Europe & Central Asia (IDA-eligible countries),Aggregates,NA,Aggregates,NA,Aggregates,
DEU,DE,Germany,Europe & Central Asia,ECS,High income,HIC,Not classified,Berlin
DJI,DJ,Djibouti,"Middle East, North Africa, Afghanistan & Pakistan",MEA,Lower middle income,LMC,IDA,Djibouti
DLA,D2,Latin America & the Caribbean (IDA-eligible countries),Aggregates,NA,Aggregates,NA,Aggregates,
DMA,DM,Dominica,Latin America & Caribbean ,LCN,Upper middle income,UMC,Blend,Roseau
DMN,D3,"Middle East, North Africa, Afghanistan & Pakistan (IDA total)",Aggregates,NA,Aggregates,NA,Aggregates,
DNK,DK,Denmark,Europe & Central Asia,ECS,High income,HIC,Not classified,Copenhagen
DNS,N6,IDA countries in Sub-Saharan Africa not classified as fragile situations ,Aggregates,NA,Aggregates,NA,Aggregates,
DOM,DO,Dominican Republic,Latin America & Caribbean ,LCN,Upper middle income,UMC,IBRD,Santo Domingo
DSA,D5,South Asia (IDA-eligible countries),Aggregates,NA,Aggregates,NA,Aggregates,
DSF,F6,IDA countries in Sub-Saharan Africa classified as fragile situations ,Aggregates,NA,Aggregates,NA,Aggregates,
DSS,D6,Sub-Saharan Africa (IDA-eligible countries),Aggregates,NA,Aggregates,NA,Aggregates,
DZA,DZ,Algeria,"Middle East, North Africa, Afghanistan & Pakistan",MEA,Upper middle income,UMC,IBRD,Algiers
EAP,4E,East Asia & Pacific (excluding high income),Aggregates,NA,Aggregates,NA,Aggregates,
EAR,V2,Early-demographic dividend,Aggregates,NA,Aggregates,NA,Aggregates,
EAS,Z4,East Asia & Pacific,Aggregates,NA,Aggregates,NA,Aggregates,
ECA,7E,Europe & Central Asia (excluding high income),Aggregates,NA,Aggregates,NA,Aggregates,
ECS,Z7,Europe & Central Asia,Aggregates,NA,Aggregates,NA,Aggregates,
ECU,EC,Ecuador,Latin America & Caribbean ,LCN,Upper middle income,UMC,IBRD,Quito
EGY,EG,"Egypt, Arab Rep.","Middle East, North Africa, Afghanistan & Pakistan",MEA,Lower middle income,LMC,IBRD,Cairo
EMU,XC,Euro area,Aggregates,NA,Aggregates,NA,Aggregates,
ERI,ER,Eritrea,Sub-Saharan Africa ,SSF,Low income,LIC,IDA,Asmara
ESP,ES,Spain,Europe & Central Asia,ECS,High income,HIC,Not classified,Madrid
EST,EE,Estonia,Europe & Central Asia,ECS,High income,HIC,Not classified,Tallinn
ETH,ET,Ethiopia,Sub-Saharan Africa ,SSF,Low income,LIC,IDA,Addis Ababa
EUU,EU,European Union,Aggregates,NA,Aggregates,NA,Aggregates,
FIN,FI,Finland,Europe & Central Asia,ECS,High income,HIC,Not classified,Helsinki
FJI,FJ,Fiji,East Asia & Pacific,EAS,Upper middle income,UMC,Blend,Suva
FRA,FR,France,Europe & Central Asia,ECS,High income,HIC,Not classified,Paris
FRO,FO,Faroe Islands,Europe & Central Asia,ECS,High income,HIC,Not classified,Torshavn
FSM,FM,"Micronesia, Fed. Sts.",East Asia & Pacific,EAS,Upper middle income,UMC,IDA,Palikir
FXS,6F,"IDA countries classified as fragile situations, excluding Sub-Saharan Africa",Aggregates,NA,Aggregates,NA,Aggregates,
GAB,GA,Gabon,Sub-Saharan Africa ,SSF,Upper middle income,UMC,IBRD,Libreville
GBR,GB,United Kingdom,Europe & Central Asia,ECS,High income,HIC,Not classified,London
GEO,GE,Georgia,Europe & Central Asia,ECS,Upper middle income,UMC,IBRD,Tbilisi
GHA,GH,Ghana,Sub-Saharan Africa ,SSF,Lower middle income,LMC,IDA,Accra
GIB,GI,Gibraltar,Europe & Central Asia,ECS,High income,HIC,Not classified,
GIN,GN,Guinea,Sub-Saharan Africa ,SSF,Lower middle income,LMC,IDA,Conakry
GMB,GM,"Gambia, The",Sub-Saharan Africa ,SSF,Low income,LIC,IDA,Banjul
GNB,GW,Guinea-Bissau,Sub-Saharan Africa ,SSF,Low income,LIC,IDA,Bissau
GNQ,GQ,Equatorial Guinea,Sub-Saharan Africa ,SSF,Upper middle income,UMC,IBRD,Malabo
GRC,GR,Greece,Europe & Central Asia,ECS,High income,HIC,Not classified,Athens
GRD,GD,Grenada,Latin America & Caribbean ,LCN,Upper middle income,UMC,Blend,Saint George's
GRL,GL,Greenland,Europe & Central Asia,ECS,High income,HIC,Not classified,Nuuk
GTM,GT,Guatemala,Latin America & Caribbean ,LCN,Upper middle income,UMC,IBRD,Guatemala City
GUM,GU,Guam,East Asia & Pacific,EAS,High income,HIC,Not classified,Agana
GUY,GY,Guyana,Latin America & Caribbean ,LCN,High income,HIC,IDA,Georgetown
HIC,XD,High income,Aggregates,NA,Aggregates,NA,Aggregates,
HKG,HK,"Hong Kong SAR, China",East Asia & Pacific,EAS,High income,HIC,Not classified,
HND,HN,Honduras,Latin America & Caribbean ,LCN,Lower middle income,LMC,IDA,Tegucigalpa
HPC,XE,Heavily indebted poor countries (HIPC),Aggregates,NA,Aggregates,NA,Aggregates,
HRV,HR,Croatia,Europe & Central Asia,ECS,High income,HIC,IBRD,Zagreb
HTI,HT,Haiti,Latin America & Caribbean ,LCN,Lower middle income,LMC,IDA,Port-au-Prince
HUN,HU,Hungary,Europe & Central Asia,ECS,High income,HIC,Not classified,Budapest
IBB,ZB,"IBRD, including blend",Aggregates,NA,Aggregates,NA,Aggregates,
IBD,XF,IBRD only,Aggregates,NA,Aggregates,NA,Aggregates,
IBT,ZT,IDA & IBRD total,Aggregates,NA,Aggregates,NA,Aggregates,
IDA,XG,IDA total,Aggregates,NA,Aggregates,NA,Aggregates,
IDB,XH,IDA blend,Aggregates,NA,Aggregates,NA,Aggregates,
IDN,ID,Indonesia,East Asia & Pacific,EAS,Upper middle income,UMC,IBRD,Jakarta
IDX,XI,IDA only,Aggregates,NA,Aggregates,NA,Aggregates,
IMN,IM,Isle of Man,Europe & Central Asia,ECS,High income,HIC,Not classified,Douglas
IND,IN,India,South Asia,SAS,Lower middle income,LMC,IBRD,New Delhi
INX,XY,Not classified,Aggregates,NA,Aggregates,NA,Aggregates,
IRL,IE,Ireland,Europe & Central Asia,ECS,High income,HIC,Not classified,Dublin
IRN,IR,"Iran, Islamic Rep.","Middle East, North Africa, Afghanistan & Pakistan",MEA,Upper middle income,UMC,IBRD,Tehran
IRQ,IQ,Iraq,"Middle East, North Africa, Afghanistan & Pakistan",MEA,Upper middle income,UMC,IBRD,Baghdad
ISL,IS,Iceland,Europe & Central Asia,ECS,High income,HIC,Not classified,Reykjavik
ISR,IL,Israel,"Middle East, North Africa, Afghanistan & Pakistan",MEA,High income,HIC,Not classified,
ITA,IT,Italy,Europe & Central Asia,ECS,High income,HIC,Not classified,Rome
JAM,JM,Jamaica,Latin America & Caribbean ,LCN,Upper middle income,UMC,IBRD,Kingston
JOR,JO,Jordan,"Middle East, North Africa, Afghanistan & Pakistan",MEA,Upper middle income,UMC,IBRD,Amman
JPN,JP,Japan,East Asia & Pacific,EAS,High income,HIC,Not classified,Tokyo
KAZ,KZ,Kazakhstan,Europe & Central Asia,ECS,Upper middle income,UMC,IBRD,Astana
KEN,KE,Kenya,Sub-Saharan Africa ,SSF,Lower middle income,LMC,Blend,Nairobi
KGZ,KG,Kyrgyz Republic,Europe & Central Asia,ECS,Lower middle income,LMC,IDA,Bishkek
KHM,KH,Cambodia,East Asia & Pacific,EAS,Lower middle income,LMC,IDA,Phnom Penh
KIR,KI,Kiribati,East Asia & Pacific,EAS,Lower middle income,LMC,IDA,Tarawa
KNA,KN,St. Kitts and Nevis,Latin America & Caribbean ,LCN,High income,HIC,IBRD,Basseterre
KOR,KR,"Korea, Rep.",East Asia & Pacific,EAS,High income,HIC,Not classified,Seoul
KWT,KW,Kuwait,"Middle East, North Africa, Afghanistan & Pakistan",MEA,High income,HIC,Not classified,Kuwait City
LAC,XJ,Latin America & Caribbean (excluding high income),Aggregates,NA,Aggregates,NA,Aggregates,
LAO,LA,Lao PDR,East Asia & Pacific,EAS,Lower middle income,LMC,IDA,Vientiane
LBN,LB,Lebanon,"Middle East, North Africa, Afghanistan & Pakistan",MEA,Lower middle income,LMC,IBRD,Beirut
LBR,LR,Liberia,Sub-Saharan Africa ,SSF,Low income,LIC,IDA,Monrovia
LBY,LY,Libya,"Middle East, North Africa, Afghanistan & Pakistan",MEA,Upper middle income,UMC,IBRD,Tripoli
LCA,LC,St. Lucia,Latin America & Caribbean ,LCN,Upper middle income,UMC,Blend,Castries
LCN,ZJ,Latin America & Caribbean ,Aggregates,NA,Aggregates,NA,Aggregates,
LDC,XL,Least developed countries: UN classification,Aggregates,NA,Aggregates,NA,Aggregates,
LIC,XM,Low income,Aggregates,NA,Aggregates,NA,Aggregates,
LIE,LI,Liechtenstein,Europe & Central Asia,ECS,High income,HIC,Not classified,Vaduz
LKA,LK,Sri Lanka,South Asia,SAS,Upper middle income,UMC,IDA,Colombo
LMC,XN,Lower middle income,Aggregates,NA,Aggregates,NA,Aggregates,
LMY,XO,Low & middle income,Aggregates,NA,Aggregates,NA,Aggregates,
LSO,LS,Lesotho,Sub-Saharan Africa ,SSF,Lower middle income,LMC,IDA,Maseru
LTE,V3,Late-demographic dividend,Aggregates,NA,Aggregates,NA,Aggregates,
LTU,LT,Lithuania,Europe & Central Asia,ECS,High income,HIC,Not classified,Vilnius
LUX,LU,Luxembourg,Europe & Central Asia,ECS,High income,HIC,Not classified,Luxembourg
LVA,LV,Latvia,Europe & Central Asia,ECS,High income,HIC,Not classified,Riga
MAC,MO,"Macao SAR, China",East Asia & Pacific,EAS,High income,HIC,Not classified,
MAF,MF,St. Martin (French part),Latin America & Caribbean ,LCN,High income,HIC,Not classified,Marigot
MAR,MA,Morocco,"Middle East, North Africa, Afghanistan & Pakistan",MEA,Lower middle income,LMC,IBRD,Rabat
MCO,MC,Monaco,Europe & Central Asia,ECS,High income,HIC,Not classified,Monaco
MDA,MD,Moldova,Europe & Central Asia,ECS,Upper middle income,UMC,IBRD,Chisinau
MDE,M1,Middle East (developing only),Aggregates,NA,Aggregates,NA,Aggregates,
MDG,MG,Madagascar,Sub-Saharan Africa ,SSF,Low income,LIC,IDA,Antananarivo
MDV,MV,Maldives,South Asia,SAS,Upper middle income,UMC,IDA,Male
MEA,ZQ,"Middle East, North Africa, Afghanistan & Pakistan",Aggregates,NA,Aggregates,NA,Aggregates,
MEX,MX,Mexico,Latin America & Caribbean ,LCN,Upper middle income,UMC,IBRD,Mexico City
MHL,MH,Marshall Islands,East Asia & Pacific,EAS,Upper middle income,UMC,IDA,Majuro
MIC,XP,Middle income,Aggregates,NA,Aggregates,NA,Aggregates,
MKD,MK,North Macedonia,Europe & Central Asia,ECS,Upper middle income,UMC,IBRD,Skopje
MLI,ML,Mali,Sub-Saharan Africa ,SSF,Low income,LIC,IDA,Bamako
MLT,MT,Malta,"Middle East, North Africa, Afghanistan & Pakistan",MEA,High income,HIC,Not classified,Valletta
MMR,MM,Myanmar,East Asia & Pacific,EAS,Lower middle income,LMC,IDA,Naypyidaw
MNA,XQ,"Middle East, North Africa, Afghanistan & Pakistan (excluding high income)",Aggregates,NA,Aggregates,NA,Aggregates,
MNE,ME,Montenegro,Europe & Central Asia,ECS,Upper middle income,UMC,IBRD,Podgorica
MNG,MN,Mongolia,East Asia & Pacific,EAS,Upper middle income,UMC,IBRD,Ulaanbaatar
MNP,MP,Northern Mariana Islands,East Asia & Pacific,EAS,High income,HIC,Not classified,Saipan
MOZ,MZ,Mozambique,Sub-Saharan Africa ,SSF,Low income,LIC,IDA,Maputo
MRT,MR,Mauritania,Sub-Saharan Africa ,SSF,Lower middle income,LMC,IDA,Nouakchott
MUS,MU,Mauritius,Sub-Saharan Africa ,SSF,Upper middle income,UMC,IBRD,Port Louis
MWI,MW,Malawi,Sub-Saharan Africa ,SSF,Low income,LIC,IDA,Lilongwe
MYS,MY,Malaysia,East Asia & Pacific,EAS,Upper middle income,UMC,IBRD,Kuala Lumpur
NAC,XU,North America,Aggregates,NA,Aggregates,NA,Aggregates,
NAF,M2,North Africa,Aggregates,NA,Aggregates,NA,Aggregates,
NAM,NA,Namibia,Sub-Saharan Africa ,SSF,Lower middle income,LMC,IBRD,Windhoek
NCL,NC,New Caledonia,East Asia & Pacific,EAS,High income,HIC,Not classified,Noum'ea
NER,NE,Niger,Sub-Saharan Africa ,SSF,Low income,LIC,IDA,Niamey
NGA,NG,Nigeria,Sub-Saharan Africa ,SSF,Lower middle income,LMC,Blend,Abuja
NIC,NI,Nicaragua,Latin America & Caribbean ,LCN,Lower middle income,LMC,IDA,Managua
NLD,NL,Netherlands,Europe & Central Asia,ECS,High income,HIC,Not classified,Amsterdam
NOR,NO,Norway,Europe & Central Asia,ECS,High income,HIC,Not classified,Oslo
NPL,NP,Nepal,South Asia,SAS,Lower middle income,LMC,IDA,Kathmandu
NRS,6X,Non-resource rich Sub-Saharan Africa countries,Aggregates,NA,Aggregates,NA,Aggregates,
NRU,NR,Naoero,East Asia & Pacific,EAS,High income,HIC,IBRD,Yaren District
NXS,6N,"IDA countries not classified as fragile situations, excluding Sub-Saharan Africa",Aggregates,NA,Aggregates,NA,Aggregates,
NZL,NZ,New Zealand,East Asia & Pacific,EAS,High income,HIC,Not classified,Wellington
OED,OE,OECD members,Aggregates,NA,Aggregates,NA,Aggregates,
OMN,OM,Oman,"Middle East, North Africa, Afghanistan & Pakistan",MEA,High income,HIC,Not classified,Muscat
OSS,S4,Other small states,Aggregates,NA,Aggregates,NA,Aggregates,
PAK,PK,Pakistan,"Middle East, North Africa, Afghanistan & Pakistan",MEA,Lower middle income,LMC,Blend,Islamabad
PAN,PA,Panama,Latin America & Caribbean ,LCN,High income,HIC,IBRD,Panama City
PER,PE,Peru,Latin America & Caribbean ,LCN,Upper middle income,UMC,IBRD,Lima
PHL,PH,Philippines,East Asia & Pacific,EAS,Upper middle income,UMC,IBRD,Manila
PLW,PW,Palau,East Asia & Pacific,EAS,High income,HIC,IBRD,Koror
PNG,PG,Papua New Guinea,East Asia & Pacific,EAS,Lower middle income,LMC,Blend,Port Moresby
POL,PL,Poland,Europe & Central Asia,ECS,High income,HIC,IBRD,Warsaw
PRE,V1,Pre-demographic dividend,Aggregates,NA,Aggregates,NA,Aggregates,
PRI,PR,Puerto Rico (US),Latin America & Caribbean ,LCN,High income,HIC,Not classified,San Juan
PRK,KP,"Korea, Dem. People's Rep.",East Asia & Pacific,EAS,Low income,LIC,Not classified,Pyongyang
PRT,PT,Portugal,Europe & Central Asia,ECS,High income,HIC,Not classified,Lisbon
PRY,PY,Paraguay,Latin America & Caribbean ,LCN,Upper middle income,UMC,IBRD,Asuncion
PSE,PS,West Bank and Gaza,"Middle East, North Africa, Afghanistan & Pakistan",MEA,Lower middle income,LMC,Not classified,
PSS,S2,Pacific island small states,Aggregates,NA,Aggregates,NA,Aggregates,
PST,V4,Post-demographic dividend,Aggregates,NA,Aggregates,NA,Aggregates,
PYF,PF,French Polynesia,East Asia & Pacific,EAS,High income,HIC,Not classified,Papeete
QAT,QA,Qatar,"Middle East, North Africa, Afghanistan & Pakistan",MEA,High income,HIC,Not classified,Doha
ROU,RO,Romania,Europe & Central Asia,ECS,High income,HIC,IBRD,Bucharest
RRS,R6,Resource rich Sub-Saharan Africa countries,Aggregates,NA,Aggregates,NA,Aggregates,
RUS,RU,Russian Federation,Europe & Central Asia,ECS,High income,HIC,IBRD,Moscow
RWA,RW,Rwanda,Sub-Saharan Africa ,SSF,Low income,LIC,IDA,Kigali
SAS,8S,South Asia,Aggregates,NA,Aggregates,NA,Aggregates,
SAU,SA,Saudi Arabia,"Middle East, North Africa, Afghanistan & Pakistan",MEA,High income,HIC,Not classified,Riyadh
SDN,SD,Sudan,Sub-Saharan Africa ,SSF,Low income,LIC,IDA,Khartoum
SEN,SN,Senegal,Sub-Saharan Africa ,SSF,Lower middle income,LMC,IDA,Dakar
SGP,SG,Singapore,East Asia & Pacific,EAS,High income,HIC,Not classified,Singapore
SLB,SB,Solomon Islands,East Asia & Pacific,EAS,Lower middle income,LMC,IDA,Honiara
SLE,SL,Sierra Leone,Sub-Saharan Africa ,SSF,Low income,LIC,IDA,Freetown
SLV,SV,El Salvador,Latin America & Caribbean ,LCN,Upper middle income,UMC,IBRD,San Salvador
SMR,SM,San Marino,Europe & Central Asia,ECS,High income,HIC,Not classified,San Marino
SOM,SO,"Somalia, Fed. Rep.",Sub-Saharan Africa ,SSF,Low income,LIC,IDA,Mogadishu
SRB,RS,Serbia,Europe & Central Asia,ECS,Upper middle income,UMC,IBRD,Belgrade
SSA,ZF,Sub-Saharan Africa (excluding high income),Aggregates,NA,Aggregates,NA,Aggregates,
SSD,SS,South Sudan,Sub-Saharan Africa ,SSF,Low income,LIC,IDA,Juba
SSF,ZG,Sub-Saharan Africa ,Aggregates,NA,Aggregates,NA,Aggregates,
SST,S1,Small states,Aggregates,NA,Aggregates,NA,Aggregates,
STP,ST,Sao Tome and Principe,Sub-Saharan Africa ,SSF,Lower middle income,LMC,IDA,Sao Tome
SUR,SR,Suriname,Latin America & Caribbean ,LCN,Upper middle income,UMC,Blend,Paramaribo
SVK,SK,Slovak Republic,Europe & Central Asia,ECS,High income,HIC,Not classified,Bratislava
SVN,SI,Slovenia,Europe & Central Asia,ECS,High income,HIC,Not classified,Ljubljana
SWE,SE,Sweden,Europe & Central Asia,ECS,High income,HIC,Not classified,Stockholm
SWZ,SZ,Eswatini,Sub-Saharan Africa ,SSF,Lower middle income,LMC,Blend,Mbabane
SXM,SX,Sint Maarten (Dutch part),Latin America & Caribbean ,LCN,High income,HIC,Not classified,Philipsburg
SXZ,A4,Sub-Saharan Africa excluding South Africa,Aggregates,NA,Aggregates,NA,Aggregates,
SYC,SC,Seychelles,Sub-Saharan Africa ,SSF,High income,HIC,IBRD,Victoria
SYR,SY,Syrian Arab Republic,"Middle East, North Africa, Afghanistan & Pakistan",MEA,Low income,LIC,IDA,Damascus
TCA,TC,Turks and Caicos Islands,Latin America & Caribbean ,LCN,High income,HIC,Not classified,Grand Turk
TCD,TD,Chad,Sub-Saharan Africa ,SSF,Low income,LIC,IDA,N'Djamena
TEA,T4,East Asia & Pacific (IDA & IBRD countries),Aggregates,NA,Aggregates,NA,Aggregates,
TEC,T7,Europe & Central Asia (IDA & IBRD countries),Aggregates,NA,Aggregates,NA,Aggregates,
TGO,TG,Togo,Sub-Saharan Africa ,SSF,Lower middle income,LMC,IDA,Lome
THA,TH,Thailand,East Asia & Pacific,EAS,Upper middle income,UMC,IBRD,Bangkok
TJK,TJ,Tajikistan,Europe & Central Asia,ECS,Lower middle income,LMC,IDA,Dushanbe
TKM,TM,Turkmenistan,Europe & Central Asia,ECS,Upper middle income,UMC,IBRD,Ashgabat
TLA,T2,Latin America & the Caribbean (IDA & IBRD countries),Aggregates,NA,Aggregates,NA,Aggregates,
TLS,TL,Timor-Leste,East Asia & Pacific,EAS,Lower middle income,LMC,Blend,Dili
TMN,T3,"Middle East, North Africa, Afghanistan & Pakistan (IDA & IBRD)",Aggregates,NA,Aggregates,NA,Aggregates,
TON,TO,Tonga,East Asia & Pacific,EAS,Upper middle income,UMC,IDA,Nuku'alofa
TSA,T5,South Asia (IDA & IBRD),Aggregates,NA,Aggregates,NA,Aggregates,
TSS,T6,Sub-Saharan Africa (IDA & IBRD countries),Aggregates,NA,Aggregates,NA,Aggregates,
TTO,TT,Trinidad and Tobago,Latin America & Caribbean ,LCN,High income,HIC,IBRD,Port-of-Spain
TUN,TN,Tunisia,"Middle East, North Africa, Afghanistan & Pakistan",MEA,Lower middle income,LMC,IBRD,Tunis
TUR,TR,Turkiye,Europe & Central Asia,ECS,Upper middle income,UMC,IBRD,Ankara
TUV,TV,Tuvalu,East Asia & Pacific,EAS,Upper middle income,UMC,IDA,Funafuti
TZA,TZ,Tanzania,Sub-Saharan Africa ,SSF,Lower middle income,LMC,IDA,Dodoma
UGA,UG,Uganda,Sub-Saharan Africa ,SSF,Low income,LIC,IDA,Kampala
UKR,UA,Ukraine,Europe & Central Asia,ECS,Upper middle income,UMC,IBRD,Kiev
UMC,XT,Upper middle income,Aggregates,NA,Aggregates,NA,Aggregates,
URY,UY,Uruguay,Latin America & Caribbean ,LCN,High income,HIC,IBRD,Montevideo
USA,US,United States,North America,NAC,High income,HIC,Not classified,Washington D.C.
UZB,UZ,Uzbekistan,Europe & Central Asia,ECS,Lower middle income,LMC,Blend,Tashkent
VCT,VC,St. Vincent and the Grenadines,Latin America & Caribbean ,LCN,Upper middle income,UMC,Blend,Kingstown
VEN,VE,"Venezuela, RB",Latin America & Caribbean ,LCN,Lower middle income,LMC,IBRD,Caracas
VGB,VG,British Virgin Islands,Latin America & Caribbean ,LCN,High income,HIC,Not classified,Road Town
VIR,VI,Virgin Islands (U.S.),Latin America & Caribbean ,LCN,High income,HIC,Not classified,Charlotte Amalie
VNM,VN,Viet Nam,East Asia & Pacific,EAS,Upper middle income,UMC,IBRD,Hanoi
VUT,VU,Vanuatu,East Asia & Pacific,EAS,Lower middle income,LMC,IDA,Port-Vila
WLD,1W,World,Aggregates,NA,Aggregates,NA,Aggregates,
WSM,WS,Samoa,East Asia & Pacific,EAS,Upper middle income,UMC,IDA,Apia
XKX,XK,Kosovo,Europe & Central Asia,ECS,Upper middle income,UMC,IDA,Pristina
XZN,A5,Sub-Saharan Africa excluding South Africa and Nigeria,Aggregates,NA,Aggregates,NA,Aggregates,
YEM,YE,"Yemen, Rep.","Middle East, North Africa, Afghanistan & Pakistan",MEA,Low income,LIC,IDA,Sana'a
ZAF,ZA,South Africa,Sub-Saharan Africa ,SSF,Upper middle income,UMC,IBRD,Pretoria
ZMB,ZM,Zambia,Sub-Saharan Africa ,SSF,Lower middle income,LMC,IDA,Lusaka
ZWE,ZW,Zimbabwe,Sub-Saharan Africa ,SSF,Lower middle income,LMC,Blend,Harare
